DIRECTORIO,SECUENCIA_P,ORDEN,HOGAR,REGIS,AREA,P7250,P7260,P7280,P7280S1,P7310,P7320,P7350,P7350S1,P7360,P9460,P7390,P7390S1,P7420,P7420S1,P7420S2,P7420S3,P7420S4,P7420S5,P7420S6,P7420S7,P7420S7A1,P7420S8,P7422,P7422S1,P1806,P1519,P1883,RAMA2D_D_R4,OFICIO2,OFICIO1,DSI,DSCY,RAMA4D_D_R4,DPTO,MES,fex_c_2018
5332791,1,3,1,70,52,4,48,4,,2,8,4,,1,2,1,,,,,,,,,,,1,2,,1000000,2,,41,95,95,1,1,4111,52,01,22.220257114
5332791,1,6,1,70,52,3,48,1,,2,12,1,,3,2,1,,,,,,,,,,,1,2,,877000,2,,41,93,45,1,1,4111,52,01,22.220257114
5332838,1,2,1,70,52,36,48,1,,1,,,,,,,,.,,,,,,,,.,,,,1000000,,,,,45,1,2,,52,01,26.036176082
5332840,1,1,1,70,52,1,48,1,,2,2,1,,9,2,1,,,,,,,,,,,1,1,1000000,950000,2,,01,03,03,1,1,0126,52,01,23.168543502
5333209,1,3,1,70,52,8,48,2,,2,80,2,,9,2,1,,,,,,,,,,,1,2,,877000,2,,86,33,33,1,1,8610,52,01,31.076284164
5333212,1,3,1,70,52,16,48,1,,1,,,,,,,,.,,,,,,,,.,,,,877000,,,,,58,1,2,,52,01,29.247176812
5338072,1,5,1,70,52,2,48,1,,2,3,1,,4,2,1,,,,,,,,,,,1,1,700000,908000,2,,47,45,58,1,1,4771,52,01,32.666386053
5338077,1,1,1,70,52,4,48,1,,2,48,1,,2,2,1,,,,,,,,,,,1,2,,908000,2,,47,45,39,1,1,4711,52,01,34.776768567
5338078,1,2,1,70,52,9,48,1,,2,36,1,,2,2,1,,,,,,,,,,,1,2,,600000,2,,56,53,45,1,1,5611,52,01,39.698987316
5347506,1,2,1,70,52,8,48,4,,2,9,4,,3,2,1,,,,,,,,,,,1,1,500000,900000,2,,41,95,95,1,1,4111,52,01,29.854549818
5347872,1,1,1,70,52,8,48,1,,2,36,3,,1,2,1,,,,,,,,,,,1,1,350000,900000,2,,97,54,57,1,1,9700,52,01,16.247534929
5347874,1,3,1,70,52,8,48,1,,2,48,1,,3,2,1,,,,,,,,,,,1,2,,900000,2,,47,45,45,1,1,4771,52,01,22.652138552
5348519,1,1,1,70,52,4,48,1,,2,6,1,,9,2,1,,,,,1,,,,,,,1,3200000,2500000,2,,85,13,13,1,1,8551,52,01,29.854549818
5351587,1,1,1,70,52,4,48,1,,2,5,1,,9,2,1,,,,,1,,,,,,,1,3200000,2000000,2,,84,03,19,1,1,8412,52,01,29.854549818
5351587,1,2,1,70,52,16,48,1,,2,49,1,,6,2,1,,,,,,,,,,,1,1,2500000,2000000,2,,84,13,12,1,2,8413,52,01,29.854549818
5351599,1,2,1,70,52,16,48,1,,2,50,1,,2,2,1,,,,,,,,,,,1,2,,1500000,2,,86,03,03,1,2,8622,52,01,22.012128941
5351602,1,1,1,70,52,14,48,3,,2,36,3,,1,2,1,,,,,,,,,,,1,2,,500000,2,,97,54,54,1,2,9700,52,01,23.1717703
5352502,1,5,1,70,52,6,40,1,,2,10,4,,1,2,1,,,,,,,,,,,1,1,250000,1000000,2,,49,98,06,1,1,4921,52,01,15.264450243
5352503,1,1,1,70,52,4,48,1,,2,5,3,,1,2,1,,,,,,,,,,,1,1,350000,900000,2,,97,54,59,1,1,9700,52,01,11.099102564
5352754,1,3,1,70,52,6,48,1,,1,,,,,,,,.,,,,,,,,.,,,,600000,,,,,97,1,1,,52,01,11.099102564
5356756,1,1,1,70,52,16,48,1,,2,36,3,,1,2,1,,,,,,,,,,,1,2,,600000,2,,97,54,45,1,2,9700,52,01,21.169753678
5356765,1,2,1,70,52,4,48,1,,2,6,1,,3,2,2,,,,,,,,,,,1,2,,907000,2,,47,45,59,1,1,4771,52,01,11.099102564
5356765,1,3,1,70,52,4,48,1,,2,62,1,,9,2,1,,,,,,,,,,,1,2,,907000,2,,35,03,39,1,1,3512,52,01,11.099102564
5358853,1,3,1,70,52,12,48,1,,2,40,1,,5,2,1,,,,,,,,,,,1,2,,700000,2,,30,32,45,1,1,3012,52,01,21.814330226
5367565,1,1,1,70,52,6,24,1,,2,56,1,,2,2,1,,,,,,,,,,,1,2,,450000,2,,47,45,45,1,1,4771,52,02,9.8020833333
5367565,1,3,1,70,52,5,48,1,,2,36,1,,2,2,1,,,,,,,,,,,1,2,,907000,2,,47,45,39,1,1,4759,52,02,9.8020833333
5367565,1,5,1,70,52,7,48,1,,1,,,,,,,,.,,,,,,,,.,,,,907000,,,,,13,1,1,,52,02,9.8020833333
5367614,1,1,1,70,52,6,48,3,,2,28,1,,9,2,1,,,,,,,,,,,1,1,200000,500000,2,,88,53,54,1,1,8890,52,02,15.893089069
5367615,1,1,1,70,52,5,48,1,,2,8,1,,5,2,2,,,,,,,,,,,1,2,,1300000,2,,88,13,13,1,1,8890,52,02,9.8020833333
5367625,1,1,1,70,52,4,48,1,,2,20,4,,5,2,1,,,,,,,,,,,1,1,500000,908000,2,,46,97,97,1,1,4663,52,02,27.312836673
5367628,1,2,1,70,52,4,48,1,,2,36,1,,8,2,1,,,,,,,,,,,1,2,,907000,2,,88,13,13,1,1,8890,52,02,27.043423122
5367641,1,1,1,70,52,6,48,1,,2,30,1,,9,2,1,,,,,,,,,,,1,2,,1000000,2,,88,59,59,1,1,8890,52,02,15.457558077
5367645,1,1,1,70,52,4,48,1,,2,28,4,,2,2,1,,,,,,,,,,,1,1,500000,1000000,2,,03,64,58,1,1,0312,52,02,14.908381963
5367649,1,1,1,70,52,4,40,1,,2,48,1,,3,2,1,,,,,,,,,,,1,2,,800000,2,,10,33,45,1,1,1081,52,02,15.457558077
5372448,1,1,1,70,52,8,48,4,,2,18,1,,7,2,1,,,,,,,,,,,1,2,,800000,2,,51,62,95,1,1,5111,52,02,17.978536674
5372457,1,1,1,70,52,4,48,1,,2,5,1,,8,2,1,,,,,,,,,,,1,1,500000,500000,2,,01,55,55,1,1,0126,52,02,23.270240135
5372457,1,3,1,70,52,4,48,1,,2,48,1,,9,2,1,,,,,,,,,,,1,1,350000,907000,2,,35,33,38,1,1,3511,52,02,23.270240135
5372491,1,1,1,70,52,4,48,1,,2,48,4,,3,2,1,,,,,,,,,,,1,1,500000,1500000,2,,25,83,09,1,1,2511,52,02,39.208333333
5372491,1,2,1,70,52,6,48,1,,1,,,,,,,,.,,,,,,,,.,,,,907000,,,,,40,1,1,,52,02,39.208333333
5373241,1,1,1,70,52,4,48,4,,2,6,4,,1,2,1,,,,,,,,,,,1,1,350000,980000,2,,41,93,95,1,1,4111,52,02,26.55255911
5378090,1,2,1,70,52,5,48,1,,2,12,1,,4,2,3,,,,,,,,,,,1,2,,800000,2,,56,53,53,1,1,5611,52,02,27.423502711
5378095,1,5,1,70,52,6,48,1,,2,12,4,,3,2,1,,,,,,,,,,,1,1,150000,907000,2,,41,95,95,1,1,4111,52,02,9.8020833333
5378095,1,6,1,70,52,8,48,1,,2,36,1,,2,2,1,,,,,,,,,,,1,2,,600000,2,,47,45,45,1,1,4771,52,02,9.8020833333
5378104,1,2,1,70,52,6,48,1,,2,50,4,,1,2,1,,,,,,,,,,,1,2,,906000,2,,56,45,53,1,1,5619,52,02,13.189189761
5378935,1,2,1,70,52,4,48,1,,1,,,,,,,,.,,,,,,,,.,,,,907000,,,,,32,1,1,,52,02,11.359746904
5378935,1,5,1,70,52,4,24,1,,1,,,,,,,,.,,,,,,,,.,,,,907000,,,,,45,1,1,,52,02,11.359746904
5384997,1,1,1,70,52,4,48,1,,2,68,1,,7,2,1,,,,,,,,,,,1,1,150000,1000000,2,,85,13,13,1,1,8530,52,02,17.485756394
5384997,1,3,1,70,52,8,48,1,,2,12,1,,3,2,1,,,,,,,,,,,1,2,,800000,2,,47,45,45,1,1,4772,52,02,17.485756394
5385018,1,1,1,70,52,5,24,1,,2,12,3,,1,2,1,,,,,,,,,,,1,2,,450000,2,,97,54,55,1,1,9700,52,02,9.8020833333
5385021,1,2,1,70,52,8,48,1,,2,9,1,,8,2,2,,,,,1,,,,,,,2,,1200000,2,,85,13,13,1,1,8511,52,02,26.55255911
5386033,1,4,1,70,52,4,48,4,,2,48,4,,2,2,1,,,,,,,,,,,1,2,,700000,2,,96,57,57,1,1,9602,52,02,9.8020833333
5386034,1,4,1,70,52,5,48,1,,2,50,1,,7,2,2,,,,,,,,,,,1,2,,1000000,2,,84,97,03,1,1,8413,52,02,9.8020833333
5386035,1,3,1,70,52,8,48,2,,2,48,4,,9,2,1,,,,,,,,,,,1,2,,1200000,2,,84,39,07,1,1,8412,52,02,9.8020833333
5386035,1,5,1,70,52,6,48,1,,2,56,1,,5,2,1,,,,,,,,,,,1,1,400000,907000,2,,53,37,37,1,1,5320,52,02,9.8020833333
5386035,1,9,1,70,52,8,48,4,,2,36,4,,2,2,1,,,,,,,,,,,1,2,,600000,2,,41,95,95,1,1,4111,52,02,9.8020833333
5386035,1,10,1,70,52,6,48,1,,1,,,,,,,,.,,,,,,,,.,,,,907000,,,,,58,1,1,,52,02,9.8020833333
5386036,1,2,1,70,52,8,36,1,,2,48,4,,2,2,1,,,,,,,,,,,1,2,,1300000,2,,47,45,59,1,1,4771,52,02,26.607892129
5387092,1,2,1,70,52,8,40,1,,2,54,1,,3,2,2,,,,,,,,,,,1,2,,2000000,2,,86,07,07,1,1,8621,52,02,17.77798333
5387818,1,4,1,70,52,4,48,1,,2,48,1,,5,2,1,,,,,,,,,,,1,2,,908526,2,,47,45,33,1,1,4741,52,02,9.8020833333
5387820,1,1,1,70,52,6,48,1,,2,6,1,,3,2,1,,,,,,,,,,,1,2,,908526,2,,47,45,45,1,1,4741,52,02,16.107169602
5387821,1,2,1,70,52,24,48,1,,2,24,4,,9,2,1,,,,,,,,,,,1,2,,1000000,2,,84,59,59,1,2,8412,52,02,9.8020833333
5387823,1,4,1,70,52,24,48,1,,2,40,1,,6,2,1,,,,,,,,,,,1,1,60000,700000,2,,47,45,53,1,2,4771,52,02,9.8020833333
5387865,1,1,1,70,52,28,48,1,,2,28,4,,9,2,1,,,,,,,,,,,1,2,,908526,2,,88,59,13,1,2,8890,52,02,15.402225058
5387877,1,2,1,70,52,48,40,4,,2,48,4,,9,2,1,,,,,,,,,,,1,2,,908000,2,,84,39,39,1,2,8412,52,02,9.8020833333
5387877,1,3,1,70,52,48,48,1,,1,,,,,,,,.,,,,,,,,.,,,,908000,,,,,03,1,2,,52,02,9.8020833333
5387887,1,3,1,70,52,24,40,1,,2,48,1,,5,2,1,,,,,,,,,,,1,2,,1000000,2,,47,97,97,1,2,4752,52,02,19.116977558
5387897,1,2,1,70,52,20,24,1,,2,144,4,,1,2,1,,,,,,,,,,,1,2,,500000,2,,47,45,13,1,2,4792,52,02,24.976670965
5387905,1,2,1,70,52,8,48,1,,2,8,1,,2,2,1,,,,,,,,,,,1,2,,1000000,2,,41,95,95,1,1,4111,52,02,9.8020833333
5389521,1,1,1,70,52,5,48,1,,1,,,,,,,,.,,,,,,,,.,,,,907000,,,,,33,1,1,,52,02,27.423502711
5392898,1,2,1,70,52,6,48,1,,1,,,,,,,,.,,,,,,,,.,,,,400000,,,,,45,1,1,,52,03,20.293535846
5392899,1,1,1,70,52,10,48,1,,2,90,1,,3,2,4,,,,,,,,,,,1,2,,906000,2,,56,53,45,1,1,5611,52,03,19.834470276
5392948,1,1,1,70,52,36,24,4,,2,56,4,,1,2,1,,,,,,,,,,,1,2,,700000,2,,46,45,45,1,2,4620,52,03,24.730541728
5392978,1,2,1,70,52,6,48,1,,2,56,1,,4,2,1,,,,,,,,,,,1,2,,907000,2,,55,39,39,1,1,5511,52,03,16.76089649
5393000,1,2,1,70,52,8,48,1,,2,56,1,,4,2,4,,,,,,,,,,,1,2,,1000000,2,,25,33,19,1,1,2511,52,03,19.208091184
5393011,1,4,1,70,52,4,48,1,,1,,,,,,,,.,,,,,,,,.,,,,906000,,,,,58,1,1,,52,03,32.635168643
5393012,1,3,1,70,52,8,48,1,,2,9,1,,7,2,1,,,,,,,,,,,1,2,,1500000,2,,88,19,19,1,1,8890,52,03,17.602453663
5393012,1,6,1,70,52,4,48,1,,2,120,1,,2,2,1,,,,,,,,,,,1,2,,907000,2,,47,45,33,1,1,4719,52,03,17.602453663
5393012,1,10,1,70,52,8,48,1,,2,56,3,,1,2,1,,,,,,,,,,,1,2,,1000000,2,,97,54,59,1,1,9700,52,03,17.602453663
5393014,1,1,1,70,52,4,48,1,,2,12,1,,9,2,1,,,,,,,,,,,1,1,300000,907000,2,,01,62,62,1,1,0126,52,03,27.988068778
5393014,1,3,1,70,52,8,48,1,,1,,,,,,,,.,,,,,,,,.,,,,600000,,,,,45,1,1,,52,03,27.988068778
5393909,1,1,1,70,52,6,48,1,,2,56,8,,2,2,1,,,,,,,,,,,1,2,,700000,2,,01,62,62,1,1,0126,52,03,19.88145518
5393912,1,1,1,70,52,4,48,1,,2,26,1,,3,2,2,,,,,,,,,,,1,2,,906000,2,,10,45,45,1,1,1081,52,03,19.743350683
5393912,1,2,1,70,52,4,48,1,,1,,,,,,,,.,,,,,,,,.,,,,1000000,,,,,58,1,1,,52,03,19.743350683
5393914,1,2,1,70,52,10,48,1,,2,12,1,,6,2,1,,,,,,,,,,,1,2,,907000,2,,80,58,58,1,1,8010,52,03,20.431640343
5398939,1,2,1,70,52,8,48,1,,1,,,,,,,,.,,,,,,,,.,,,,907000,,,,,38,1,1,,52,03,22.081517585
5398945,1,1,1,70,52,6,48,1,,2,23,4,,1,2,1,,,,,,,,,,,1,2,,906000,2,,47,41,45,1,1,4723,52,03,22.984723061
5402038,1,1,1,70,52,5,48,1,,2,20,4,,9,2,1,,,,,,,,,,,1,2,,907000,2,,86,59,59,1,1,8610,52,03,22.434537897
5404082,1,2,1,70,52,5,40,4,,2,48,4,,8,2,1,,,,,,,,,,,1,2,,400000,2,,46,97,97,1,1,4631,52,03,19.787485373
5407409,1,3,1,70,52,8,48,1,,2,9,4,,2,2,1,,,,,,,,,,,1,2,,907000,2,,47,41,45,1,1,4761,52,03,13.984745554
5410042,1,2,1,70,52,5,48,1,,2,24,4,,3,2,1,,,,,,,,,,,1,2,,907000,2,,84,59,59,1,1,8423,52,03,11.601827632
5410043,1,1,1,70,52,4,48,1,,2,4,1,,4,2,2,,,1,,,,,,,,,1,700000,1000000,2,,53,37,37,1,1,5320,52,03,26.090367505
5410044,1,4,1,70,52,6,48,1,,1,,,,,,,,.,,,,,,,,.,,,,800000,,,,,38,1,1,,52,03,16.926382133
5410046,1,2,1,70,52,5,40,1,,1,,,,,,,,.,,,,,,,,.,,,,900000,,,,,45,1,1,,52,03,28.554315742
5415180,1,4,1,70,52,6,48,1,,2,30,1,,6,2,1,,,,,1,,,,,,,2,,1000000,2,,85,13,13,1,1,8530,52,03,30.06717168
5415184,1,2,1,70,52,5,48,1,,2,220,4,,1,2,1,,,,,,,,,,,1,2,,800000,2,,81,54,45,1,1,8121,52,03,22.434537897
5415186,1,1,1,70,52,10,48,1,,2,12,4,,2,2,1,,,,,,,,,,,1,2,,700000,2,,56,53,39,1,1,5611,52,03,23.007776215
5415187,1,5,1,70,52,6,48,1,,2,10,4,,1,2,1,,,,,,,,,,,1,1,300000,1000000,2,,49,98,45,1,1,4921,52,03,34.217657694
5419020,1,2,1,70,52,4,48,1,,2,8,4,,3,2,1,,,,,,,,,,,1,1,400000,800000,2,,03,64,45,1,1,0312,52,04,11.343160377
5419021,1,2,1,70,52,6,48,1,,2,24,1,,5,2,2,,,,,,,,,,,1,1,500000,1500000,2,,03,64,03,1,1,0321,52,04,11.343160377
5422772,1,1,1,70,52,6,48,1,,2,50,1,,4,2,1,,,,,,,,,,,1,1,500000,1800000,2,,69,12,12,1,1,6910,52,04,11.64280472
5422777,1,1,1,70,52,6,48,1,,2,40,4,,9,2,1,,,,,,,,,,,1,2,,1200000,2,,86,59,59,1,1,8610,52,04,11.343160377
5422777,1,2,1,70,52,4,48,4,,2,40,4,,1,2,1,,,,,,,,,,,1,1,600000,1500000,2,,41,95,95,1,1,4111,52,04,11.343160377
5423402,1,1,1,70,52,6,48,3,,2,48,2,,9,2,1,,,,,,,,,,,1,2,,907000,2,,86,55,55,1,1,8610,52,04,11.343160377
5423691,1,1,1,70,52,4,48,1,,2,6,4,,2,2,1,,,,,,,,,,,1,2,,400000,2,,47,41,45,1,1,4771,52,04,11.343160377
5423694,1,1,1,70,52,6,48,1,,2,16,1,,2,2,1,,,,,,,,,,,1,1,200000,800000,2,,13,79,79,1,1,1313,52,04,52.178537736
5423695,1,1,1,70,52,6,48,1,,2,36,4,,9,2,1,,,,,,,,,,,1,1,400000,907000,2,,86,03,03,1,1,8621,52,04,11.343160377
5427549,1,1,1,70,52,5,48,1,,2,56,4,,9,2,1,,,,,,,,,,,1,1,400000,1000000,2,,85,58,58,1,1,8530,52,04,23.600909437
5427549,1,3,1,70,52,6,48,1,,2,48,1,,4,2,1,,,,,,,,,,,1,1,400000,1000000,2,,47,45,53,1,1,4752,52,04,23.600909437
5427550,1,1,1,70,52,8,48,1,,2,78,1,,9,2,1,,,,,,,,,,,1,2,,908000,2,,01,39,39,1,1,0126,52,04,22.955218969
5432455,1,1,1,70,52,4,40,1,,2,70,1,,7,2,1,,,,,,,,,,,1,2,,1200000,2,,85,13,13,1,1,8530,52,04,39.554207166
5432929,1,1,1,70,52,4,48,1,,2,36,4,,9,2,1,,,,,,,,,,,1,1,300000,1200000,2,,85,58,58,1,1,8530,52,04,46.27627248
5432931,1,1,1,70,52,4,48,1,,2,48,4,,3,2,1,,,,,,,,,,,1,2,,800000,2,,10,45,45,1,1,1081,52,04,11.343160377
5433434,1,1,1,70,52,4,48,1,,1,,,,,,,,.,,,,,,,,.,,,,700000,,,,,45,1,1,,52,04,11.343160377
5433434,1,4,1,70,52,4,24,1,,1,,,,,,,,.,,,,,,,,.,,,,700000,,,,,45,1,1,,52,04,11.343160377
5433477,1,2,1,70,52,48,48,1,,2,48,1,,4,2,1,,,,,,,,,,,1,2,,908526,2,,03,97,45,1,2,0311,52,04,11.343160377
5433477,1,3,1,70,52,48,48,1,,2,96,1,,5,2,1,,,,,,,,,,,1,2,,1200000,2,,47,45,45,1,2,4771,52,04,11.343160377
5433479,1,1,1,70,52,48,48,1,,2,48,4,,1,2,1,,,,,,,,,,,1,2,,1000000,3,,47,41,58,1,2,4723,52,04,11.343160377
5433493,1,2,1,70,52,12,48,1,,2,12,1,,6,2,1,,,,,,,,,,,1,2,,908526,2,,80,58,58,1,1,8010,52,04,11.343160377
5434749,1,3,1,70,52,48,40,1,,2,8,1,,2,2,1,,,,,,,,,,,1,2,,1000000,2,,56,33,39,1,2,5630,52,04,11.343160377
5434755,1,2,1,70,52,48,40,1,,2,48,1,,1,2,1,,,,,,,,,,,1,2,,908000,2,,95,03,45,1,2,9511,52,04,52.178537736
5437920,1,2,1,70,52,12,30,5,,2,48,5,,2,2,7,,,,,,,,,,,1,2,,800000,2,,56,51,51,1,1,5630,52,04,11.343160377
5437925,1,1,1,70,52,16,48,4,,2,16,4,,9,2,1,,,,,,,,,,,1,2,,1200000,2,,85,39,39,1,2,8551,52,04,22.955218969
5437929,1,2,1,70,52,48,48,3,,2,48,3,,1,2,1,,,,,,,,,,,1,2,,300000,2,,97,54,54,1,2,9700,52,04,11.343160377
5437935,1,4,1,70,52,48,40,1,,2,3,1,,4,2,1,,,,,,,,,,,1,2,,908000,2,,47,45,32,1,2,4771,52,04,11.343160377
5437936,1,3,1,70,52,24,40,1,,1,,,,,,,,.,,,,,,,,.,,,,908000,,,,,45,1,2,,52,04,11.343160377
5437941,1,1,1,70,52,2,48,3,,2,2,3,,1,2,7,,,,,,,,,,,1,1,250000,1000000,2,,97,54,54,1,1,9700,52,04,16.602037372
5437946,1,1,1,70,52,16,40,1,,2,48,4,,1,2,4,,,,,,,,,,,1,2,,908000,2,,01,61,33,1,2,0145,52,04,11.343160377
5437948,1,2,1,70,52,8,48,1,,2,8,1,,5,2,1,,,,,,,,,,,1,1,908526,908526,2,,47,45,45,1,1,4719,52,04,50.953914824
5437950,1,2,1,70,52,2,40,1,,2,2,1,,9,2,4,,,,,,,,,,,1,1,2500000,2000000,2,,88,19,19,1,1,8890,52,04,11.343160377
5449065,1,1,1,70,52,72,48,1,,2,74,3,,1,2,1,,,,,,,,,,,1,2,,1000000,2,,97,54,54,1,2,9700,52,05,8.6924698795
5449065,1,4,1,70,52,4,40,1,,1,,,,,,,,.,,,,,,,,.,,,,900000,,,,,45,1,1,,52,05,8.6924698795
5449066,1,2,1,70,52,12,48,1,,1,,,,,,,,.,,,,,,,,.,,,,908500,,,,,58,1,1,,52,05,13.209318712
5449066,1,3,1,70,52,5,48,1,,1,,,,,,,,.,,,,,,,,.,,,,1000000,,,,,13,1,1,,52,05,13.209318712
5449066,1,6,1,70,52,12,40,1,,1,,,,,,,,.,,,,,,,,.,,,,700000,,,,,45,1,1,,52,05,13.209318712
5449071,1,1,1,70,52,8,48,1,,2,9,4,,9,2,1,,,,,,,,,,,1,2,,1200000,2,,86,59,59,1,1,8610,52,05,21.140258827
5449074,1,3,1,70,52,4,48,1,,1,,,,,,,,.,,,,,,,,.,,,,908500,,,,,58,1,1,,52,05,8.6924698795
5449077,1,3,1,70,52,4,48,1,,2,5,4,,3,2,1,,,,,,,,,,,1,1,450000,908500,2,,47,45,33,1,1,4771,52,05,8.6924698795
5449083,1,4,1,70,52,5,48,1,,1,,,,,,,,.,,,,,,,,.,,,,900000,,,,,45,1,1,,52,05,8.6924698795
5449085,1,1,1,70,52,5,48,1,,2,48,4,,3,2,1,,,,,,,,,,,1,2,,908500,2,,56,53,53,1,1,5611,52,05,8.6924698795
5449090,1,2,1,70,52,4,48,1,,2,30,4,,5,2,3,,,,,,,,,,,1,2,,908000,2,,47,45,45,1,1,4771,52,05,14.337973478
5449269,1,1,1,70,52,48,48,1,,2,48,1,,2,2,1,,,,,,,,,,,1,2,,700000,2,,47,45,45,1,2,4771,52,05,8.6924698795
5449272,1,1,1,70,52,4,20,3,,2,30,4,,6,2,1,,,,,,,,,,,1,2,,300000,2,,92,45,54,1,1,9200,52,05,17.712761859
5449272,1,6,1,70,52,4,48,4,,2,6,4,,2,2,1,,,,,,,,,,,1,1,500000,900000,2,,03,64,64,1,1,0311,52,05,17.712761859
5449272,1,7,1,70,52,4,42,4,,2,7,4,,2,2,1,,,,,,,,,,,1,1,400000,900000,2,,33,84,64,1,1,3315,52,05,17.712761859
5449764,1,2,1,70,52,4,24,1,,2,150,4,,3,2,1,,,,,,,,,,,1,2,,800000,2,,47,41,13,1,1,4772,52,05,34.769879518
5449767,1,1,1,70,52,5,24,3,,2,30,4,,2,2,1,,,,,,,,,,,1,2,,550000,2,,56,51,54,1,1,5630,52,05,9.0794974475
5450144,1,3,1,70,52,4,48,1,,1,,,,,,,,.,,,,,,,,.,,,,1000000,,,,,19,1,1,,52,05,8.6924698795
5450144,1,5,1,70,52,5,40,1,,1,,,,,,,,.,,,,,,,,.,,,,1200000,,,,,11,1,1,,52,05,8.6924698795
5450145,1,2,1,70,52,4,48,1,,2,7,4,,6,2,1,,,,,,,,,,,1,1,700000,900000,2,,33,84,03,1,1,3315,52,05,8.6924698795
5450146,1,1,1,70,52,5,40,1,,2,60,4,,2,2,1,,,,,,,,,,,1,2,,1000000,2,,47,45,13,1,1,4771,52,05,9.0794974475
5454301,1,4,1,70,52,48,48,1,,2,48,1,,3,2,1,,,,,,,,,,,1,2,,908500,2,,47,45,45,1,2,4771,52,05,8.6924698795
5454303,1,2,1,70,52,48,48,1,,2,48,1,,5,2,1,,,,,,,,,,,1,2,,908500,2,,56,53,53,1,2,5611,52,05,8.6924698795
5454304,1,4,1,70,52,4,48,1,,1,,,,,,,,.,,,,,,,,.,,,,2000000,,,,,12,1,1,,52,05,8.6924698795
5454306,1,1,1,70,52,5,48,1,,2,104,4,,5,2,1,,,,,,,,,,,1,2,,900000,2,,47,45,03,1,1,4771,52,05,18.59154105
5454315,1,1,1,70,52,36,48,1,,1,,,,,,,,.,,,,,,,,.,,,,908500,,,,,13,1,2,,52,05,20.912688126
5454636,1,1,1,70,52,5,48,1,,2,6,4,,9,2,1,,,,,,,,,,,1,1,1200000,900000,2,,84,39,19,1,1,8412,52,05,34.769879518
5454637,1,1,1,70,52,8,48,1,,2,96,1,,2,2,1,,,,,,,,,,,1,2,,908500,2,,47,40,33,1,1,4771,52,05,14.337973478
5454638,1,2,1,70,52,4,40,3,,2,58,3,,1,2,1,,,,,,,,,,,1,2,,500000,2,,97,54,54,1,1,9700,52,05,8.6924698795
5454638,1,3,1,70,52,4,48,1,,1,,,,,,,,.,,,,,,,,.,,,,1000000,,,,,09,1,1,,52,05,8.6924698795
5454641,1,1,1,70,52,48,48,1,,2,48,1,,4,2,1,,,,,,,,,,,1,2,,908500,2,,55,54,54,1,2,5511,52,05,8.6924698795
5455316,1,2,1,70,52,5,48,1,,2,104,4,,6,2,1,,,,,,,,,,,1,2,,1500000,2,,64,33,33,1,1,6412,52,05,9.0794974475
5455558,1,2,1,70,52,5,24,3,,2,54,4,,6,2,1,,,,,,,,,,,1,2,,400000,2,,92,45,55,1,1,9200,52,05,8.6924698795
5455558,1,3,1,70,52,5,40,1,,2,7,1,,2,2,1,,,,,,,,,,,1,1,350000,900000,2,,96,57,39,1,1,9602,52,05,8.6924698795
5455559,1,2,1,70,52,48,48,1,,2,48,1,,5,2,1,,,,,,,,,,,1,2,,908500,2,,78,39,33,1,2,7810,52,05,19.596449509
5455560,1,2,1,70,52,4,48,1,,2,4,1,,4,2,1,,,,,,,,,,,1,2,,908500,2,,62,33,33,1,1,6209,52,05,8.6924698795
5455561,1,2,1,70,52,5,48,1,,2,30,4,,3,2,1,,,,,,,,,,,1,1,200000,900000,2,,41,95,45,1,1,4111,52,05,9.0794974475
5455564,1,2,1,70,52,5,24,1,,2,12,4,,1,2,1,,,,,,,,,,,1,2,,500000,2,,56,45,03,1,1,5619,52,05,26.633417787
5455565,1,2,1,70,52,48,48,3,,2,48,3,,1,2,1,,,,,,,,,,,1,2,,500000,2,,97,54,54,1,2,9700,52,05,11.645479353
5455565,1,3,1,70,52,48,48,1,,2,48,4,,9,2,1,,,,,,,,,,,1,2,,908500,2,,86,59,59,1,2,8610,52,05,11.645479353
5460255,1,1,1,70,52,5,24,3,,2,260,3,,1,2,1,,,,,,,,,,,1,2,,400000,2,,97,54,54,1,1,9700,52,05,18.228274418
5460258,1,3,1,70,52,4,24,1,,2,68,4,,4,2,1,,,,,,,,,,,1,2,,450000,2,,55,53,53,1,1,5511,52,05,34.769879518
5460631,1,2,1,70,52,28,24,1,,2,68,4,,3,2,1,,,,,,,,,,,1,2,,900000,2,,56,51,40,1,2,5611,52,05,8.6924698795
5460633,1,1,1,70,52,5,48,1,,2,8,1,,4,2,1,,,,,,,,,,,1,1,300000,908500,2,,53,37,32,1,1,5320,52,05,8.6924698795
5460633,1,3,1,70,52,6,48,1,,2,12,4,,7,2,1,,,,,,,,,,,1,2,,2500000,2,,94,19,19,1,1,9499,52,05,8.6924698795
5462134,1,1,1,70,52,6,48,1,,1,,,,,,,,.,,,,,,,,.,,,,908500,,,,,33,1,1,,52,05,9.0794974475
5462137,2,2,2,70,52,4,48,4,,2,6,4,,2,2,1,,,,,,,,,,,1,1,500000,1000000,2,,41,95,95,1,1,4111,52,05,29.789306314
5462876,1,3,1,70,52,3,48,4,,1,,,,,,,,.,,,,,,,,.,,,,1000000,,,,,64,1,1,,52,05,8.6924698795
5464312,1,2,1,70,52,6,24,1,,2,36,3,,3,2,1,,,,,,,,,,,1,2,,500000,2,,69,55,55,1,1,6920,52,05,28.192419751
5468592,1,2,1,70,52,4,40,1,,1,,,,,,,,.,,,,,,,,.,,,,1500000,,,,,33,1,1,,52,05,8.6924698795
5474174,1,1,1,70,52,5,24,3,,2,104,3,,1,2,1,,,,,,,,,,,1,2,,300000,2,,97,54,54,1,1,9700,52,06,34.897096405
5474175,1,3,1,70,52,8,48,4,,2,16,4,,1,2,1,,,,,,,,,,,1,2,,600000,2,,41,95,95,1,1,4111,52,06,46.401393355
5474176,1,4,1,70,52,6,48,1,,2,34,4,,4,2,1,,,,,,,,,,,1,2,,908000,2,,47,45,45,1,1,4719,52,06,14.81478864
5474177,1,1,1,70,52,8,40,1,,2,48,1,,4,2,1,,,,,,,,,,,1,2,,600000,2,,56,53,53,1,1,5611,52,06,11.600348339
5474177,1,6,1,70,52,9,48,1,,1,,,,,,,,.,,,,,,,,.,,,,908500,,,,,38,1,1,,52,06,11.600348339
5474179,1,2,1,70,52,6,24,1,,2,104,3,,1,2,1,,,,,,,,,,,1,2,,500000,2,,97,54,45,1,1,9700,52,06,46.401393355
5474186,1,1,1,70,52,8,48,1,,2,48,4,,9,2,1,,,,,,,,,,,1,2,,908500,2,,86,59,59,1,1,8610,52,06,23.570581727
5474186,1,2,1,70,52,4,48,2,,2,6,4,,9,2,1,,,,,,,,,,,1,1,1200000,908500,2,,86,59,59,1,1,8610,52,06,23.570581727
5474189,1,1,1,70,52,4,24,3,,2,6,4,,3,2,1,,,,,,,,,,,1,1,400000,400000,2,,56,53,54,1,1,5611,52,06,11.600348339
5474343,1,3,1,70,52,5,48,1,,2,20,1,,6,2,1,,,,,,,,,,,1,2,,2000000,2,,84,11,11,1,1,8413,52,06,11.600348339
5474854,1,4,1,70,52,8,48,1,,2,52,1,,5,2,1,,,,,,,,,,,1,2,,908000,2,,47,45,32,1,1,4741,52,06,11.600348339
5474855,1,2,1,70,52,6,24,1,,2,30,4,,3,2,2,,,,,,,,,,,1,2,,700000,2,,96,57,57,1,1,9602,52,06,34.897096405
5475113,1,4,1,70,52,8,48,1,,1,,,,,,,,.,,,,,,,,.,,,,908000,,,,,59,1,1,,52,06,37.70356613
5479278,1,1,1,70,52,16,40,3,,2,65,3,,1,2,1,,,,,,,,,,,1,2,,600000,2,,97,54,54,1,2,9700,52,06,46.401393355
5479283,1,1,1,70,52,8,40,3,,2,64,3,,1,2,1,,,,,,,,,,,1,2,,400000,2,,97,54,54,1,1,9700,52,06,25.862115598
5480054,1,3,1,70,52,10,48,1,,2,65,1,,9,2,1,,,,,,,,,,,1,2,,1800000,2,,86,19,19,1,1,8610,52,06,11.600348339
5480060,1,2,1,70,52,8,48,1,,2,48,4,,8,2,1,,,,,,,,,,,1,2,,1000000,2,,85,19,11,1,1,8530,52,06,11.600348339
5480216,1,1,1,70,52,8,40,1,,2,48,1,,5,2,9,REGIMEN CONTRIBUTIVO,,,,,,,,1,YA ES PENSIONADA,,2,,908500,3,,47,45,33,1,1,4761,52,06,12.544268166
5480217,1,2,1,70,52,8,48,1,,1,,,,,,,,.,,,,,,,,.,,,,908500,,,,,55,1,1,,52,06,46.401393355
5480217,1,3,1,70,52,5,28,1,,2,24,1,,9,2,1,,,,,,,,,,,1,2,,800000,2,,47,97,33,1,1,4711,52,06,46.401393355
5480219,1,3,1,70,52,11,48,1,,2,12,1,,9,2,1,,,,,,,,,,,1,2,,908500,2,,46,58,58,1,1,4631,52,06,11.600348339
5481081,1,1,1,70,52,6,48,4,,2,6,4,,2,2,1,,,,,,,,,,,1,1,400000,908000,2,,47,45,85,1,1,4729,52,06,30.262298134
5481085,1,2,1,70,52,4,48,1,,2,8,4,,3,2,1,,,,,,,,,,,1,1,400000,908000,2,,47,45,45,1,1,4759,52,06,11.600348339
5484803,1,4,1,70,52,6,40,1,,1,,,,,,,,.,,,,,,,,.,,,,900000,,,,,45,1,1,,52,06,46.401393355
5485368,1,1,1,70,52,8,48,1,,2,22,1,,9,2,1,,,,,,,,,,,1,2,,1500000,2,,46,58,58,1,1,4631,52,06,11.600348339
5486427,1,1,1,70,52,6,28,3,,1,,,,,,,,.,,,,,,,,.,,,,500000,,,,,54,1,1,,52,06,23.721838446
5487660,1,1,1,70,52,8,24,1,,1,,,,,,,,.,,,,,,,,.,,,,400000,,,,,45,1,1,,52,06,46.401393355
5487660,1,3,1,70,52,5,48,1,,1,,,,,,,,.,,,,,,,,.,,,,908500,,,,,37,1,1,,52,06,46.401393355
5487662,1,2,1,70,52,4,48,1,,1,,,,,,,,.,,,,,,,,.,,,,908500,,,,,33,1,1,,52,06,30.262298134
5493480,1,1,1,70,52,6,48,4,,2,9,4,,3,2,1,,,,,,,,,,,1,2,,500000,2,,96,57,57,1,1,9602,52,06,11.600348339
5497954,1,1,1,70,52,10,48,1,,2,12,3,,1,2,1,,,,,,,,,,,1,2,,600000,2,,97,54,55,1,1,9700,52,07,25.188898821
5497956,1,2,1,70,52,9,48,1,,2,24,3,,1,2,1,,,,,,,,,,,1,2,,700000,2,,97,54,55,1,1,9700,52,07,12.501027878
5497957,1,3,1,70,52,5,48,1,,2,8,4,,2,2,1,,,,,,,,,,,1,2,,1000000,2,,41,95,45,1,1,4111,52,07,16.721672731
5497959,1,1,1,70,52,9,48,1,,2,33,1,,7,2,1,,,,,,,,,,,1,2,,2000000,2,,42,02,02,1,1,4210,52,07,15.358903153
5498153,1,4,1,70,52,8,40,1,,1,,,,,,,,.,,,,,,,,.,,,,900000,,,,,03,1,1,,52,07,21.640544797
5498811,1,3,1,70,52,6,40,1,,2,24,4,,1,2,1,,,,,,,,,,,1,2,,800000,2,,49,98,45,1,1,4921,52,07,22.08839572
5512765,2,2,2,70,52,4,40,1,,2,52,1,,9,2,2,,,,,,,,,,,1,2,,908526,2,,88,03,03,1,1,8890,52,07,34.530607044
5512769,1,2,1,70,52,52,48,1,,1,,,,,,,,.,,,,,,,,.,,,,908526,,,,,32,1,2,,52,07,11.033002039
5512770,1,2,1,70,52,52,40,1,,2,52,1,,6,2,1,,,,,,,,,,,1,2,,908526,2,,49,32,39,1,2,4921,52,07,20.38674639
5512776,1,1,1,70,52,8,24,1,,1,,,,,,,,.,,,,,,,,.,,,,500000,,,,,45,1,1,,52,07,14.709538939
5512777,1,1,1,70,52,25,48,1,,2,29,1,,9,2,1,,,,,,,,,,,1,2,,908526,2,,64,33,33,1,2,6492,52,07,11.741329573
5512781,1,2,1,70,52,104,48,4,,2,104,4,,1,2,1,,,,,,,,,,,1,1,100000,700000,2,,41,95,95,1,2,4111,52,07,17.619997474
5512792,1,3,1,70,52,52,48,1,,2,52,4,,9,2,1,,,,,,,,,,,1,2,,908526,2,,86,11,11,1,2,8610,52,07,16.521516511
5512800,1,1,1,70,52,52,48,1,,2,72,1,,9,2,1,,,,,,,,,,,1,2,,908526,2,,88,53,53,1,2,8890,52,07,14.909748
5512801,1,3,1,70,52,52,48,1,,2,52,3,,1,2,1,,,,,,,,,,,1,2,,908526,2,,97,54,45,1,2,9700,52,07,44.132008155
5512801,1,4,1,70,52,40,48,1,,2,120,4,,9,2,1,,,,,,,,,,,1,2,,908526,2,,84,39,34,1,2,8412,52,07,44.132008155
5512807,1,1,1,70,52,4,40,4,,2,52,4,,9,2,1,,,,,,,,,,,1,2,,1000000,2,,84,20,03,1,1,8412,52,07,11.044518121
5512819,1,1,1,70,52,12,48,1,,2,12,1,,3,2,8,,,,,,,,,,,1,2,,908526,2,,56,53,45,1,1,5619,52,07,11.033002039
5512826,1,1,1,70,52,72,24,1,,2,32,4,,1,2,1,,,,,,,,,,,1,2,,500000,2,,96,57,45,1,2,9602,52,07,34.422155919
5512829,1,2,1,70,52,13,48,1,,1,,,,,,,,.,,,,,,,,.,,,,908526,,,,,53,1,1,,52,07,26.890548151
5512829,1,3,1,70,52,40,48,1,,2,40,2,,9,2,1,,,,,,,,,,,1,1,250000,908526,2,,84,58,45,1,2,8423,52,07,26.890548151
5512842,1,1,1,70,52,72,48,1,,2,72,1,,4,2,1,,,,,,,,,,,1,1,50000,1500000,2,,47,33,32,1,2,4752,52,07,16.76917281
5512842,1,2,1,70,52,52,48,1,,2,52,4,,2,2,2,,,,,,,,,,,1,2,,908526,2,,47,45,45,1,2,4771,52,07,16.76917281
5512845,1,2,1,70,52,32,48,1,,2,156,1,,2,2,8,,,,,,,,,,,1,2,,600000,2,,56,45,53,1,2,5619,52,07,32.167351916
5514372,1,2,1,70,52,15,48,4,,2,52,3,,1,2,1,,,,,,,,,,,1,2,,908526,2,,97,54,55,1,2,9700,52,07,11.033002039
5514372,1,3,1,70,52,8,48,1,,1,,,,,,,,.,,,,,,,,.,,,,908526,,,,,32,1,1,,52,07,11.033002039
5519930,1,1,1,70,52,12,40,1,,2,54,4,,2,2,1,,,,,,,,,,,1,2,,908000,2,,47,41,45,1,1,4771,52,08,9.8145201297
5519933,1,2,1,70,52,16,48,1,,1,,,,,,,,.,,,,,,,,.,,,,900000,,,,,15,1,2,,52,08,9.5962987589
5519934,1,1,1,70,52,12,40,3,,2,38,3,,1,2,1,,,,,,,,,,,1,2,,908000,2,,97,55,55,1,1,9700,52,08,22.661141461
5519938,1,1,1,70,52,12,48,1,,2,52,4,,8,2,1,,,,,,,,,,,1,2,,700000,2,,85,55,45,1,1,8530,52,08,32.30461788
5519946,1,2,1,70,52,8,24,1,,1,,,,,,,,.,,,,,,,,.,,,,900000,,,,,05,1,1,,52,08,23.337976592
5519948,1,4,1,70,52,12,40,1,,2,32,4,,1,2,1,,,,,,,,,,,1,2,,908000,2,,49,98,45,1,1,4921,52,08,14.038996393
5523892,1,3,1,70,52,4,56,1,,2,6,1,,2,2,1,,,,,,,,,,,1,1,800000,600000,2,,82,33,39,1,1,8299,52,08,9.5962987589
5523895,1,4,1,70,52,4,48,1,,2,6,1,,6,2,1,,,,,1,,,,,,,1,1200000,1500000,2,,47,45,09,1,1,4711,52,08,18.602050359
5523895,1,5,1,70,52,4,48,1,,2,5,1,,5,2,1,,,,,1,,,,,,,1,900000,900000,2,,47,45,45,1,1,4711,52,08,18.602050359
5523897,1,1,1,70,52,5,40,1,,1,,,,,,,,.,,,,,,,,.,,,,1500000,,,,,09,1,1,,52,08,22.935868451
5524187,1,2,1,70,52,4,40,1,,2,24,4,,5,2,1,,,,,,,,,,,1,2,,800000,2,,51,55,45,1,1,5111,52,08,9.5962987589
5524188,1,1,1,70,52,8,40,3,,2,64,4,,5,2,1,,,,,,,,,,,1,2,,500000,2,,85,55,55,1,1,8544,52,08,23.151949235
5524698,1,1,1,70,52,4,48,1,,2,6,4,,7,2,1,,,,,,,,,,,1,1,800000,900000,2,,85,58,58,1,1,8530,52,08,9.5962987589
5528984,1,2,1,70,52,12,48,1,,2,48,4,,2,2,1,,,,,,,,,,,1,2,,900000,2,,16,81,45,1,1,1630,52,08,31.691358461
5528986,1,2,1,70,52,4,40,1,,2,288,3,,1,2,1,,,,,,,,,,,1,2,,500000,2,,97,55,55,1,1,9700,52,08,9.5962987589
5528990,1,1,1,70,52,8,40,1,,2,9,4,,4,2,2,,,,,,,,,,,1,2,,908000,2,,56,53,53,1,1,5611,52,08,22.469909597
5528992,1,1,1,70,52,12,40,3,,2,8,3,,1,2,1,,,,,,,,,,,1,2,,500000,2,,97,54,55,1,1,9700,52,08,26.821812285
5528998,1,8,1,70,52,5,48,1,,2,6,1,,2,2,1,,,,,,,,,,,1,1,500000,700000,2,,41,95,95,1,1,4111,52,08,12.876282993
5529499,1,2,1,70,52,7,40,4,,2,30,4,,4,2,1,,,,,,,,,,,1,2,,800000,2,,41,95,95,1,1,4111,52,08,17.520371476
5529504,1,1,1,70,52,20,40,1,,2,48,1,,5,2,1,,,,,,,,,,,1,2,,2000000,2,,85,13,13,1,2,8530,52,08,9.5962987589
5530102,1,1,1,70,52,5,40,1,,2,58,4,,7,2,1,,,,,,,,,,,1,2,,900000,2,,49,55,45,1,1,4921,52,08,22.565525529
5530442,1,4,1,70,52,8,40,1,,2,12,4,,4,2,1,,,,,,,,,,,1,2,,900000,2,,56,53,53,1,1,5611,52,08,20.057574553
5530446,1,2,1,70,52,8,40,3,,2,40,3,,1,2,1,,,,,,,,,,,1,2,,900000,2,,97,54,55,1,1,9700,52,08,22.565525529
5530448,1,1,1,70,52,16,24,1,,2,36,4,,3,2,1,,,,,,,,,,,1,2,,908000,2,,46,45,45,1,2,4632,52,08,19.631143817
5542346,1,2,1,70,52,12,28,1,,1,,,,,,,,.,,,,,,,,.,,,,900000,,,,,13,1,1,,52,08,26.547085295
5542348,1,2,1,70,52,32,40,2,,2,80,4,,6,2,2,,,,,,,,,,,1,2,,2000000,2,,85,13,13,1,2,8530,52,08,13.732504184
5542351,1,3,1,70,52,12,28,1,,1,,,,,,,,.,,,,,,,,.,,,,1000000,,,,,13,1,1,,52,08,9.5962987589
5542352,1,2,1,70,52,12,40,1,,2,52,4,,3,2,1,,,,,,,,,,,1,2,,908000,2,,41,95,95,1,1,4111,52,08,38.385195035
5542353,1,1,1,70,52,24,40,1,,2,28,4,,6,2,1,,,,,,,,,,,1,2,,1400000,2,,84,03,03,1,2,8422,52,08,9.5962987589
5542356,1,1,1,70,52,6,40,1,,1,,,,,,,,.,,,,,,,,.,,,,700000,,,,,45,1,1,,52,08,22.84025252
5542357,1,1,1,70,52,7,48,1,,2,8,4,,7,2,1,,,,,1,,,,,,,2,,900000,2,,86,59,59,1,1,8621,52,08,9.5962987589
5542358,1,2,1,70,52,8,20,1,,2,20,4,,3,2,1,,,,,,,,,,,1,2,,800000,2,,46,45,39,1,1,4642,52,08,26.936313347
5548420,1,2,1,70,52,11,40,1,,2,12,1,,4,2,1,,,,,,,,,,,1,2,,900000,2,,46,45,33,1,1,4663,52,09,12.150673401
5548422,1,3,1,70,52,16,40,1,,2,24,4,,2,2,1,,,,,,,,,,,1,2,,908000,2,,41,95,95,1,2,4111,52,09,29.233823948
5548422,1,5,1,70,52,12,40,4,,2,32,4,,2,2,1,,,,,,,,,,,1,2,,908000,2,,95,85,85,1,1,9522,52,09,29.233823948
5548426,1,5,1,70,52,8,56,1,,2,48,1,,5,2,1,,,,,,,,,,,1,2,,700000,2,,88,13,13,1,1,8891,52,09,12.150673401
5548427,1,1,1,70,52,11,48,1,,2,12,1,,6,2,1,,,,,1,,,,,,,2,,2000000,2,,88,19,19,1,1,8891,52,09,44.116705981
5548431,1,2,1,70,52,28,24,1,,2,34,3,,1,2,1,,,,,,,,,,,1,2,,500000,2,,97,54,45,1,2,9700,52,09,48.602693603
5548432,1,1,1,70,52,7,48,1,,2,8,4,,3,2,1,,,1,,,,,,,,,1,700000,900000,2,,86,59,59,1,1,8621,52,09,12.150673401
5548438,1,2,1,70,52,20,40,1,,2,30,4,,3,2,1,,,,,,,,,,,1,2,,600000,2,,56,53,53,1,2,5611,52,09,12.150673401
5548440,1,2,1,70,52,18,48,1,,2,20,1,,9,2,1,,,,,,,,,,,1,2,,1000000,2,,86,59,59,1,2,8621,52,09,12.150673401
5549598,1,1,1,70,52,12,40,4,,2,16,4,,2,2,1,,,,,,,,,,,1,2,,600000,2,,41,95,95,1,1,4111,52,09,12.150673401
5549599,1,2,1,70,52,24,40,1,,2,30,4,,5,2,1,,,,,,,,,,,1,2,,1200000,2,,88,13,13,1,2,8891,52,09,35.566393032
5549600,1,3,1,70,52,12,40,1,,2,30,4,,3,2,1,,,,,,,,,,,1,2,,908000,2,,46,41,39,1,1,4642,52,09,12.150673401
5549600,1,4,1,70,52,3,20,1,,2,4,4,,5,2,1,,,,,,,,,,,1,1,800000,908000,2,,46,45,33,1,1,4632,52,09,12.150673401
5550785,1,1,1,70,52,24,40,1,,2,40,4,,2,2,1,,,,,,,,,,,1,2,,900000,2,,47,41,45,1,2,4771,52,09,12.150673401
5550787,1,1,1,70,52,8,40,1,,2,30,1,,3,2,1,,,,,,,,,,,1,2,,900000,2,,47,45,13,1,1,4719,52,09,12.150673401
5553804,1,3,1,70,52,4,20,1,,1,,,,,,,,.,,,,,,,,.,,,,500000,,,,,45,1,1,,52,09,12.150673401
5554400,1,2,1,70,52,6,20,1,,1,,,,,,,,.,,,,,,,,.,,,,800000,,,,,45,1,1,,52,09,12.150673401
5554401,1,2,1,70,52,7,40,1,,2,90,3,,1,2,1,,,,,,,,,,,1,2,,900000,2,,97,54,55,1,1,9700,52,09,12.150673401
5554586,1,1,1,70,52,7,40,1,,2,8,4,,3,2,1,,,,,,,,,,,1,2,,908000,2,,47,41,45,1,1,4771,52,09,23.110534038
5554588,1,3,1,70,52,18,42,2,,2,86,4,,7,2,1,,,,,,,,,,,1,2,,2000000,2,,85,13,13,1,2,8530,52,09,30.128561792
5554591,1,2,1,70,52,6,40,1,,1,,,,,,,,.,,,,,,,,.,,,,900000,,,,,45,1,1,,52,09,48.602693603
5559071,1,5,1,70,52,12,40,1,,2,120,1,,9,2,1,,,,,,,,,,,1,2,,908000,2,,86,59,59,1,1,8621,52,09,12.150673401
5559072,1,3,1,70,52,16,40,1,,2,100,4,,3,2,1,,,,,,,,,,,1,2,,900000,2,,10,45,45,1,2,1081,52,09,12.150673401
5559072,1,4,1,70,52,8,48,1,,1,,,,,,,,.,,,,,,,,.,,,,900000,,,,,45,1,1,,52,09,12.150673401
5560113,1,3,1,70,52,12,40,4,,2,16,4,,2,2,1,,,,,,,,,,,1,2,,600000,2,,41,95,95,1,1,4111,52,09,48.602693603
5560284,1,2,1,70,52,16,40,1,,2,50,4,,5,2,1,,,,,,,,,,,1,2,,900000,2,,47,41,45,1,2,4711,52,09,12.150673401
5560285,1,1,1,70,52,7,40,1,,2,24,3,,1,2,1,,,,,,,,,,,1,2,,800000,2,,97,54,45,1,1,9700,52,09,16.571129453
5565244,1,3,1,70,52,8,48,1,,2,12,4,,2,2,1,,,,,,,,,,,1,2,,900000,2,,47,41,45,1,1,4771,52,09,30.699623941
5566210,1,4,1,70,52,6,20,1,,1,,,,,,,,.,,,,,,,,.,,,,600000,,,,,45,1,1,,52,09,21.584470256
5566213,1,3,1,70,52,8,48,1,,1,,,,,,,,.,,,,,,,,.,,,,900000,,,,,45,1,1,,52,09,32.928742041
5576886,1,1,1,70,52,8,24,1,,1,,,,,,,,.,,,,,,,,.,,,,700000,,,,,45,1,1,,52,10,36.659576107
5576888,1,2,1,70,52,4,40,1,,2,5,4,,3,2,1,,,,,,,,,,,1,1,280000,700000,2,,41,95,95,1,1,4111,52,10,34.266363218
5579126,1,1,1,70,52,16,40,1,,2,36,4,,3,2,1,,,,,,,,,,,1,2,,908000,2,,41,95,95,1,2,4111,52,10,12.620483683
5579126,1,2,1,70,52,12,40,1,,1,,,,,,,,.,,,,,,,,.,,,,908000,,,,,55,1,1,,52,10,12.620483683
5579131,1,4,1,70,52,8,40,1,,1,,,,,,,,.,,,,,,,,.,,,,900000,,,,,45,1,1,,52,10,34.556511065
5585408,1,1,1,70,52,16,40,1,,2,30,4,,2,2,1,,,,,,,,,,,1,2,,1200000,2,,47,45,59,1,2,4771,52,10,25.033609952
5585408,1,2,1,70,52,4,42,4,,2,5,4,,2,2,1,,,,,,,,,,,1,1,500000,1000000,2,,96,57,57,1,1,9602,52,10,25.033609952
5585409,1,1,1,70,52,16,28,1,,2,72,4,,2,2,2,,,,,,,,,,,1,2,,908000,2,,56,53,55,1,2,5630,52,10,30.925242699
5590860,1,1,1,70,52,4,40,4,,2,5,4,,2,2,1,,,,,,,,,,,1,1,800000,800000,2,,41,95,95,1,1,4111,52,10,30.925242699
5590863,1,1,1,70,52,4,48,1,,2,6,3,,1,2,1,,,,,,,,,,,1,1,140000,900000,2,,97,54,55,1,1,9700,52,10,40.995557649
5590863,1,3,1,70,52,6,24,3,,1,,,,,,,,.,,,,,,,,.,,,,600000,,,,,55,1,1,,52,10,40.995557649
5590867,1,3,1,70,52,6,40,1,,1,,,,,,,,.,,,,,,,,.,,,,900000,,,,,45,1,1,,52,10,18.026560914
5590868,1,3,1,70,52,4,40,1,,2,5,1,,9,2,1,,,,,,,,,,,1,1,800000,900000,2,,01,62,03,1,1,0126,52,10,12.620483683
5595063,1,4,1,70,52,12,40,1,,2,40,4,,4,2,1,,,,,,,,,,,1,2,,1200000,2,,47,45,07,1,1,4771,52,10,36.105474097
5596315,1,5,1,70,52,2,48,1,,2,3,4,,5,2,1,,,,,,,,,,,1,1,300000,900000,2,,55,55,33,1,1,5511,52,10,15.660007028
5596316,1,3,1,70,52,12,40,3,,2,16,4,,3,2,1,,,,,,,,,,,1,2,,500000,2,,55,54,54,1,1,5511,52,10,19.248201576
5597238,1,4,1,70,52,12,40,1,,1,,,,,,,,.,,,,,,,,.,,,,908000,,,,,59,1,1,,52,10,21.511374558
5597242,1,3,1,70,52,6,40,1,,1,,,,,,,,.,,,,,,,,.,,,,900000,,,,,45,1,1,,52,10,29.259245546
5597245,1,3,1,70,52,4,40,1,,1,,,,,,,,.,,,,,,,,.,,,,900000,,,,,45,1,1,,52,10,25.64928143
5597246,1,3,1,70,52,12,40,1,,1,,,,,,,,.,,,,,,,,.,,,,908000,,,,,58,1,1,,52,10,28.152840266
5597253,1,1,1,70,52,16,40,1,,2,20,4,,2,2,1,,,,,,,,,,,1,2,,600000,2,,41,95,95,1,2,4111,52,10,20.870742136
6004972,1,2,1,70,52,20,40,1,,1,,,,,,,,.,,,,,,,,.,,,,908000,,,,,39,1,2,,52,11,10.374401341
6004976,1,2,1,70,52,6,20,1,,1,,,,,,,,.,,,,,,,,.,,,,500000,,,,,55,1,1,,52,11,10.374401341
6004980,1,2,1,70,52,4,40,2,,2,5,4,,9,2,1,,,,,,,,,,,1,1,1400000,1500000,2,,84,39,03,1,1,8412,52,11,10.374401341
6004987,1,2,1,70,52,4,48,1,,2,5,4,,2,2,1,,,,,,,,,,,1,1,700000,800000,2,,41,95,95,1,1,4111,52,11,10.374401341
6004988,1,1,1,70,52,4,40,1,,2,5,1,,6,2,1,,,,,,,,,,,1,1,1200000,908000,2,,85,13,08,1,1,8544,52,11,26.449984958
6004990,1,3,1,70,52,8,48,1,,2,16,4,,1,2,1,,,,,,,,,,,1,2,,900000,2,,49,98,03,1,1,4921,52,11,23.031901527
6004991,1,4,1,70,52,8,48,1,,2,60,1,,4,2,1,,,,,,,,,,,1,2,,900000,2,,47,45,45,1,1,4772,52,11,10.374401341
6004991,1,6,1,70,52,5,48,1,,1,,,,,,,,.,,,,,,,,.,,,,900000,,,,,45,1,1,,52,11,10.374401341
6004991,1,7,1,70,52,14,40,1,,1,,,,,,,,.,,,,,,,,.,,,,500000,,,,,45,1,2,,52,11,10.374401341
6017498,1,2,1,70,52,4,40,1,,2,40,3,,1,2,1,,,,,,,,,,,1,2,,900000,2,,97,54,55,1,1,9700,52,11,31.087033414
6017500,1,1,1,70,52,4,40,3,,2,240,4,,1,2,1,,,,,,,,,,,1,2,,500000,2,,61,38,54,1,1,6190,52,11,26.449984958
6017502,1,3,1,70,52,12,40,1,,2,28,4,,2,2,1,,,,,,,,,,,1,2,,908000,2,,47,45,39,1,1,4761,52,11,23.031901527
6017503,1,2,1,70,52,8,48,1,,1,,,,,,,,.,,,,,,,,.,,,,700000,,,,,45,1,1,,52,11,10.374401341
6017506,1,4,1,70,52,6,40,1,,2,8,3,,1,2,1,,,,,,,,,,,1,2,,1200000,2,,81,55,03,1,1,8121,52,11,10.374401341
6017507,1,3,1,70,52,8,24,4,,2,32,4,,2,2,1,,,,,,,,,,,1,2,,600000,2,,47,53,53,1,1,4724,52,11,10.374401341
6017510,1,1,1,70,52,16,40,1,,2,80,3,,1,2,1,,,,,,,,,,,1,2,,900000,2,,97,54,55,1,2,9700,52,11,10.374401341
6017510,1,4,1,70,52,8,48,1,,2,36,1,,4,2,1,,,,,,,,,,,1,2,,1200000,2,,46,45,95,1,1,4663,52,11,10.374401341
6017511,1,1,1,70,52,14,40,1,,2,65,3,,1,2,1,,,,,,,,,,,1,2,,900000,2,,97,54,55,1,2,9700,52,11,21.660432114
6017514,1,2,1,70,52,10,40,1,,2,60,4,,3,2,1,,,,,,,,1,,,,2,,900000,2,,47,45,45,1,1,4771,52,11,10.374401341
6017515,1,1,1,70,52,12,40,1,,1,,,,,,,,.,,,,,,,,.,,,,900000,,,,,45,1,1,,52,11,45.38152012
6017520,1,1,1,70,52,16,40,1,,2,60,4,,2,2,1,,,,,,,,,,,1,2,,900000,2,,56,53,57,1,2,5611,52,11,10.374401341
6017523,1,3,1,70,52,12,40,1,,1,,,,,,,,.,,,,,,,,.,,,,1200000,,,,,09,1,1,,52,11,10.374401341
6017524,1,3,1,70,52,12,40,1,,1,,,,,,,,.,,,,,,,,.,,,,908000,,,,,45,1,1,,52,11,10.374401341
6017526,1,2,1,70,52,16,40,1,,2,56,4,,2,2,2,,,,,,,,1,,,,2,,1200000,2,,47,40,09,1,2,4731,52,11,10.374401341
6017536,1,2,1,70,52,18,48,1,,2,20,4,,5,2,1,,,,,,,,,,,1,2,,2000000,2,,56,02,02,1,2,5611,52,11,11.175057923
6017547,1,3,1,70,52,6,28,1,,1,,,,,,,,.,,,,,,,,.,,,,700000,,,,,45,1,1,,52,11,28.573323858
6017560,1,1,1,70,52,4,40,1,,2,80,3,,1,2,1,,,,,,,,,,,1,2,,900000,2,,81,55,45,1,1,8121,52,11,31.087033414
6017562,1,3,1,70,52,4,40,1,,1,,,,,,,,.,,,,,,,,.,,,,900000,,,,,45,1,1,,52,11,10.374401341
6024500,1,1,1,70,52,12,40,1,,2,240,4,,9,2,1,,,,,,,,,,,1,2,,700000,2,,86,59,59,1,1,8621,52,11,10.374401341
6024501,1,1,1,70,52,8,40,1,,2,18,1,,9,2,1,,,,,,,,,,,1,2,,1200000,2,,01,62,13,1,1,0126,52,11,33.362876702
6024505,1,2,1,70,52,14,28,1,,2,40,3,,1,2,1,,,,,,,,,,,1,2,,500000,2,,97,54,45,1,2,9700,52,11,47.722246169
6024512,1,2,1,70,52,16,40,1,,1,,,,,,,,.,,,,,,,,.,,,,900000,,,,,45,1,2,,52,11,10.374401341
6044461,1,2,1,70,52,12,40,2,,2,72,4,,9,2,2,,,,,,,,,,,1,2,,1500000,2,,84,32,13,1,1,8412,52,12,13.574874687
6044467,1,1,1,70,52,3,48,1,,2,4,4,,2,2,1,,,,,,,,,,,1,1,700000,900000,2,,41,95,95,1,1,4111,52,12,57.014473684
6044470,1,2,1,70,52,6,40,1,,1,,,,,,,,,,,,,,,,,,,,900000,,,,,45,1,1,,52,12,13.574874687
6044472,1,2,1,70,52,16,40,2,,2,18,4,,9,2,1,,,,,,,,,,,1,2,,1500000,2,,84,09,09,1,2,8412,52,12,51.83627439
6044483,1,2,1,70,52,14,20,1,,2,58,3,,1,2,1,,,,,,,,,,,1,2,,700000,2,,81,55,45,1,2,8121,52,12,13.574874687
6044483,1,3,1,70,52,24,40,1,,2,30,4,,3,2,1,,,,,,,,,,,1,2,,1200000,2,,56,53,03,1,2,5611,52,12,13.574874687
6044483,1,4,1,70,52,4,40,1,,1,,,,,,,,,,,,,,,,,,,,800000,,,,,45,1,1,,52,12,13.574874687
6045047,1,1,1,70,52,12,40,1,,2,40,3,,1,2,1,,,,,,,,,,,1,2,,900000,2,,81,55,13,1,1,8121,52,12,54.607231618
6045047,1,2,1,70,52,8,40,1,,2,20,4,,4,2,1,,,,,,,,,,,1,2,,600000,2,,47,45,45,1,1,4771,52,12,54.607231618
6045048,1,3,1,70,52,6,40,1,,1,,,,,,,,,,,,,,,,,,,,900000,,,,,45,1,1,,52,12,13.574874687
6045048,1,4,1,70,52,8,40,1,,2,30,4,,3,2,1,,,,,,,,,,,1,2,,800000,2,,03,64,64,1,1,0311,52,12,13.574874687
6045048,1,6,1,70,52,4,40,1,,2,24,4,,2,2,1,,,,,,,,,,,1,2,,600000,2,,96,57,55,1,1,9602,52,12,13.574874687
6045049,1,2,1,70,52,8,24,1,,2,80,4,,3,2,1,,,,,,,,,,,1,2,,400000,2,,47,45,45,1,1,4771,52,12,51.83627439
6045053,1,2,1,70,52,4,40,1,,1,,,,,,,,,,,,,,,,,,,,600000,,,,,45,1,1,,52,12,57.014473684
6045832,1,1,1,70,52,16,40,1,,2,120,3,,1,2,1,,,,,,,,,,,1,2,,500000,2,,97,54,54,1,2,9700,52,12,13.574874687
6045836,1,3,1,70,52,12,42,1,,2,16,1,,4,2,1,,,,,,,,,,,1,2,,2000000,2,,85,13,13,1,1,8530,52,12,13.574874687
6051035,1,4,1,70,52,12,48,1,,1,,,,,,,,,,,,,,,,,,,,900000,,,,,45,1,1,,52,12,13.574874687
6052345,1,4,1,70,52,4,28,1,,1,,,,,,,,,,,,,,,,,,,,500000,,,,,45,1,1,,52,12,26.18947325
6057874,1,3,1,70,52,8,48,1,,1,,,,,,,,,,,,,,,,,,,,2000000,,,,,06,1,1,,52,12,13.574874687
6059471,1,2,1,70,52,12,48,1,,2,20,4,,2,2,1,,,,,,,,,,,1,2,,600000,2,,41,95,95,1,1,4111,52,12,41.629422517
6059471,1,4,1,70,52,15,28,1,,2,48,4,,4,2,1,,,,,,,,,,,1,2,,700000,2,,47,45,45,1,2,4771,52,12,41.629422517
6059472,1,2,1,70,52,4,40,2,,2,5,4,,5,2,2,,,,,,,,,,,1,1,1400000,2000000,2,,85,13,13,1,1,8530,52,12,13.574874687
6059475,1,2,1,70,52,8,40,2,,2,140,4,,9,2,2,,,,,,,,,,,1,2,,1000000,2,,86,07,07,1,1,8621,52,12,13.574874687
6059475,1,3,1,70,52,12,48,1,,1,,,,,,,,,,,,,,,,,,,,2000000,,,,,06,1,1,,52,12,13.574874687
6059476,1,2,1,70,52,15,40,2,,2,24,4,,5,2,2,,,,,,,,,,,1,2,,2000000,2,,85,13,13,1,2,8530,52,12,13.574874687
