DIRECTORIO,SECUENCIA_P,ORDEN,HOGAR,REGIS,AREA,P7430,P7450,P7450S1,P7452,P7454,P7456,P7458,P7458S1,P7460,P7470,P7472,P7472S1,P744,P1884,P1807,P6921,INI,p7440,DPTO,MES,fex_c_2018
5332790,1,2,1,80,52,2,,,,2,,,.,2,,2,,,,,2,1,,52,01,11.099102564
5332790,1,3,1,80,52,2,,,,2,,,.,2,,2,,,,,2,1,,52,01,11.099102564
5332790,1,4,1,80,52,1,6,,2,,,5,,2,,2,,,,,2,1,4,52,01,11.099102564
5332791,1,1,1,80,52,2,,,,1,2,5,,2,,2,,,,,2,1,,52,01,22.220257114
5332791,1,2,1,80,52,1,6,,2,,,1,,2,,2,,1,48,900000,2,1,3,52,01,22.220257114
5332791,1,4,1,80,52,2,,,,2,,,.,2,,2,,,,,2,1,,52,01,22.220257114
5332791,1,5,1,80,52,2,,,,1,1,2,,2,,2,,,,,2,1,,52,01,22.220257114
5332791,1,7,1,80,52,2,,,,2,,,.,2,,2,,,,,2,1,,52,01,22.220257114
5332792,1,2,1,80,52,1,9,POR LA PANDEMIA,2,,,9,,2,,2,,,,,2,1,1.4,52,01,11.099102564
5332792,2,1,2,80,52,1,3,,2,,,9,,2,,2,,,,,2,1,3,52,01,11.099102564
5332793,1,1,1,80,52,1,5,,2,,,10,,2,,2,,,,,2,1,4,52,01,16.718781602
5332838,1,3,1,80,52,2,,,,2,,,.,2,,2,,,,,2,1,,52,01,26.036176082
5332838,1,4,1,80,52,2,,,,2,,,.,2,,2,,,,,2,1,,52,01,26.036176082
5332839,1,1,1,80,52,1,5,,2,,,10,,3,,2,,,,,3,1,4,52,01,24.217241048
5332839,1,2,1,80,52,1,5,,2,,,10,,3,,2,,,,,3,1,2,52,01,24.217241048
5332839,1,3,1,80,52,2,,,,2,,,.,2,,2,,,,,2,1,,52,01,24.217241048
5332839,2,2,2,80,52,2,,,,2,,,.,2,,2,,,,,2,1,,52,01,24.217241048
5332840,1,3,1,80,52,2,,,,2,,,.,2,,2,,,,,2,1,,52,01,23.168543502
5332841,1,3,1,80,52,2,,,,2,,,.,2,,2,,,,,2,1,,52,01,24.879761521
5333024,1,1,1,80,52,1,4,,2,,,4,,2,,2,,,,,2,1,4,52,01,12.547050527
5333024,1,2,1,80,52,1,9,POR ORDEN PUBLICO,2,,,12,ORDEN PUBLICO,2,,2,,,,,2,1,4,52,01,12.547050527
5333209,1,2,1,80,52,2,,,,2,,,.,2,,2,,,,,2,1,,52,01,31.076284164
5333210,1,1,1,80,52,1,3,,2,,,9,,2,,2,,,,,2,1,4,52,01,30.325796491
5333211,1,3,1,80,52,2,,,,2,,,.,2,,2,,,,,2,1,,52,01,31.010964379
5333212,1,4,1,80,52,2,,,,2,,,.,2,,2,,,,,2,1,,52,01,29.247176812
5333494,1,3,1,80,52,2,,,,2,,,.,2,,2,,,,,2,1,,52,01,11.099102564
5333495,1,2,1,80,52,1,3,,2,,,9,,2,,2,,,,,2,1,4,52,01,11.099102564
5333495,1,4,1,80,52,1,2,,2,,,2,,2,,2,,,,,2,1,1.2,52,01,11.099102564
5334645,1,1,1,80,52,1,8,,1,,4,1,,2,,2,,1,48,900000,2,1,4,52,01,16.718781602
5336657,1,2,1,80,52,2,,,,1,3,1,,2,,2,,,,,2,1,,52,01,24.099479246
5336657,1,4,1,80,52,2,,,,2,,,.,2,,2,,,,,2,1,,52,01,24.099479246
5338071,1,1,1,80,52,1,3,,2,,,9,,2,,2,,1,36,908000,2,1,2,52,01,34.776768567
5338072,1,2,1,80,52,1,3,,2,,,9,,2,,2,,,,,2,1,4,52,01,32.666386053
5338072,1,3,1,80,52,2,,,,2,,,.,2,,2,,,,,2,1,,52,01,32.666386053
5338072,1,4,1,80,52,2,,,,2,,,.,2,,2,,,,,2,1,,52,01,32.666386053
5338075,1,2,1,80,52,2,,,,2,,,.,2,,2,,,,,2,1,,52,01,19.586414182
5347506,1,1,1,80,52,1,3,,2,,,9,,2,,2,,,,,2,1,4,52,01,29.854549818
5347822,1,1,1,80,52,2,,,,2,,,.,2,,2,,,,,2,1,,52,01,24.879761521
5347822,1,3,1,80,52,2,,,,2,,,.,2,,2,,,,,2,1,,52,01,24.879761521
5347823,1,3,1,80,52,2,,,,2,,,.,2,,2,,,,,2,1,,52,01,28.090762251
5347824,1,3,1,80,52,2,,,,2,,,.,2,,2,,,,,2,1,,52,01,29.247176812
5347824,1,4,1,80,52,2,,,,2,,,.,2,,2,,,,,2,1,,52,01,29.247176812
5347871,1,1,1,80,52,1,1,,2,,,1,,2,,2,,,,,2,1,2,52,01,16.247534929
5347873,1,1,1,80,52,1,4,,2,,,4,,2,,2,,,,,2,1,1.4,52,01,13.753579868
5347874,2,2,2,80,52,2,,,,2,,,.,2,,2,,,,,2,1,,52,01,22.652138552
5347874,2,3,2,80,52,2,,,,2,,,.,2,,2,,,,,2,1,,52,01,22.652138552
5347875,1,1,1,80,52,1,3,,2,,,9,,2,,2,,,,,2,1,2,52,01,35.642384526
5347875,1,3,1,80,52,2,,,,2,,,.,2,,2,,,,,2,1,,52,01,35.642384526
5348515,1,2,1,80,52,1,5,,2,,,10,,3,,2,,,,,3,1,4,52,01,19.491299795
5348515,1,5,1,80,52,1,3,,2,,,1,,2,,2,,,,,2,1,2,52,01,19.491299795
5348516,1,2,1,80,52,2,,,,2,,,.,2,,2,,,,,2,1,,52,01,17.902956603
5348516,1,3,1,80,52,2,,,,2,,,.,2,,2,,1,40,900000,2,1,,52,01,17.902956603
5348516,1,4,1,80,52,2,,,,2,,,.,2,,2,,,,,2,1,,52,01,17.902956603
5348517,1,1,1,80,52,2,,,,2,,,.,2,,2,,,,,2,1,,52,01,26.93434769
5348518,1,2,1,80,52,2,,,,2,,,.,2,,2,,,,,2,1,,52,01,26.93434769
5348520,1,1,1,80,52,2,,,,2,,,.,2,,2,,,,,2,1,,52,01,16.718781602
5351585,1,3,1,80,52,2,,,,2,,,.,2,,2,,,,,2,1,,52,01,13.242419724
5351588,1,1,1,80,52,1,5,,2,,,10,,3,,2,,,,,3,1,4,52,01,11.099102564
5351588,1,2,1,80,52,2,,,,2,,,.,2,,2,,,,,2,1,,52,01,11.099102564
5351601,1,1,1,80,52,1,4,,2,,,4,,2,,2,,,,,2,1,1.4,52,01,16.718781602
5351605,1,1,1,80,52,1,5,,2,,,10,,3,,2,,,,,3,1,3,52,01,12.547050527
5351605,1,2,1,80,52,1,5,,2,,,10,,3,,2,,,,,3,1,2,52,01,12.547050527
5351608,1,2,1,80,52,1,3,,2,,,9,,2,,2,,,,,2,1,4,52,01,12.547050527
5352502,1,2,1,80,52,2,,,,2,,,.,2,,2,,,,,2,1,,52,01,15.264450243
5352502,1,6,1,80,52,2,,,,2,,,.,2,,2,,,,,2,1,,52,01,15.264450243
5352502,1,7,1,80,52,2,,,,2,,,.,2,,2,,,,,2,1,,52,01,15.264450243
5352503,1,3,1,80,52,2,,,,2,,,.,2,,2,,,,,2,1,,52,01,11.099102564
5352504,1,2,1,80,52,2,,,,2,,,.,2,,2,,,,,2,1,,52,01,14.483747363
5352506,1,2,1,80,52,2,,,,2,,,.,2,,2,,,,,2,1,,52,01,11.272746632
5352508,1,1,1,80,52,1,5,,2,,,10,,3,,2,,,,,3,1,4,52,01,17.875196163
5352508,1,2,1,80,52,2,,,,2,,,.,2,,2,,,,,2,1,,52,01,17.875196163
5352509,1,1,1,80,52,1,3,,1,,1,9,,2,,2,,1,36,800000,2,1,1.2,52,01,22.326168239
5352509,1,2,1,80,52,2,,,,2,,,.,2,,2,,,,,2,1,,52,01,22.326168239
5352744,1,1,1,80,52,1,3,,2,,,9,,2,,2,,,,,2,1,2,52,01,31.856566439
5352749,1,2,1,80,52,1,3,,2,,,9,,2,,2,,,,,2,1,2,52,01,31.856566439
5352752,1,2,1,80,52,2,,,,2,,,.,2,,2,,,,,2,1,,52,01,24.099479246
5352752,1,4,1,80,52,2,,,,2,,,.,2,,2,,,,,2,1,,52,01,24.099479246
5352754,1,2,1,80,52,2,,,,2,,,.,2,,2,,,,,2,1,,52,01,11.099102564
5352754,1,4,1,80,52,2,,,,2,,,.,2,,2,,,,,2,1,,52,01,11.099102564
5352754,1,5,1,80,52,2,,,,2,,,.,2,,2,,,,,2,1,,52,01,11.099102564
5356757,1,1,1,80,52,1,4,,2,,,4,,2,,2,,,,,2,1,4,52,01,16.718781602
5356758,1,4,1,80,52,2,,,,2,,,.,2,,2,,,,,2,1,,52,01,24.099479246
5356759,1,2,1,80,52,2,,,,2,,,.,2,,2,,,,,2,1,,52,01,24.328184861
5356760,1,1,1,80,52,1,7,,1,,1,1,,2,,2,,,,600000,2,1,1.3,52,01,16.194965381
5356760,1,2,1,80,52,2,,,,2,,,.,2,,2,,,,,2,1,,52,01,16.194965381
5356763,1,1,1,80,52,2,,,,1,3,4,,2,,2,,,,,2,1,,52,01,11.099102564
5356764,1,2,1,80,52,1,3,,2,,,9,,2,,2,,,,,2,1,4,52,01,12.547050527
5356765,1,1,1,80,52,1,5,,2,,,10,,3,,2,,,,,3,1,4,52,01,11.099102564
5356765,1,4,1,80,52,2,,,,2,,,.,2,,2,,,,,2,1,,52,01,11.099102564
5356768,1,3,1,80,52,2,,,,2,,,.,2,,2,,,,,2,1,,52,01,24.879761521
5358852,1,1,1,80,52,1,7,,2,,,1,,2,,2,,,,,2,1,4,52,01,11.099102564
5358852,1,2,1,80,52,2,,,,2,,,.,2,,2,,1,20,1200000,2,1,,52,01,11.099102564
5358853,1,1,1,80,52,1,9,POR LA EDAD,2,,,8,,2,,2,,,,,2,1,4,52,01,21.814330226
5358853,1,2,1,80,52,2,,,,2,,,.,2,,2,,,,,2,1,,52,01,21.814330226
5358853,1,5,1,80,52,1,8,,2,,,1,,2,,2,,1,48,600000,2,1,2,52,01,21.814330226
5358853,1,6,1,80,52,2,,,,2,,,.,2,,2,,1,20,800000,2,1,,52,01,21.814330226
5360666,1,1,1,80,52,1,4,,2,,,4,,2,,2,,,,,2,1,4,52,01,11.099102564
5360666,1,3,1,80,52,2,,,,2,,,.,2,,2,,,,,2,1,,52,01,11.099102564
5360668,1,3,1,80,52,2,,,,2,,,.,2,,2,,,,,2,1,,52,01,24.869560212
5360669,1,4,1,80,52,1,4,,2,,,4,,2,,2,,,,,2,1,4,52,01,12.871291133
5360669,1,5,1,80,52,1,4,,2,,,4,,2,,2,,,,,2,1,4,52,01,12.871291133
5360670,1,1,1,80,52,1,4,,2,,,4,,2,,2,,,,,2,1,4,52,01,16.718781602
5363949,1,1,1,80,52,1,3,,2,,,1,,2,,2,,,,,2,1,4,52,01,13.277218021
5363949,1,2,1,80,52,2,,,,2,,,.,2,,2,,,,,2,1,,52,01,13.277218021
5363949,1,3,1,80,52,1,4,,2,,,4,,2,,2,,,,,2,1,4,52,01,13.277218021
5367562,1,1,1,80,52,1,4,,2,,,4,,2,,2,,,,,2,1,4,52,02,9.8020833333
5367586,1,1,1,80,52,1,4,,2,,,4,,2,,2,,,,,2,1,3,52,02,9.8020833333
5367586,1,3,1,80,52,2,,,,2,,,.,2,,2,,,,,2,1,,52,02,9.8020833333
5367591,1,1,1,80,52,1,4,,2,,,4,,2,,2,,,,,2,1,3,52,02,25.736948528
5367592,1,2,1,80,52,1,3,,2,,,9,,2,,2,,,,,2,1,3,52,02,27.257503654
5367598,1,2,1,80,52,1,3,,1,,2,9,,2,,2,,1,20,908000,2,1,3,52,02,23.159574097
5367598,1,3,1,80,52,2,,,,2,,,.,2,,2,,,,,2,1,,52,02,23.159574097
5367614,1,2,1,80,52,2,,,,2,,,.,2,,2,,,,,2,1,,52,02,15.893089069
5367628,1,3,1,80,52,2,,,,2,,,.,2,,2,,1,20,800000,2,1,,52,02,27.043423122
5367643,1,1,1,80,52,1,3,,2,,,9,,2,,2,,,,,2,1,4,52,02,23.270240135
5367643,1,3,1,80,52,2,,,,2,,,.,2,,2,,,,,2,1,,52,02,23.270240135
5367644,1,1,1,80,52,1,3,,2,,,9,,2,,2,,,,,2,1,2,52,02,39.208333333
5367645,1,4,1,80,52,1,8,,2,,,1,,2,,2,,,,,2,1,1.4,52,02,14.908381963
5367645,1,5,1,80,52,2,,,,2,,,.,2,,2,,,,,2,1,,52,02,14.908381963
5372448,1,2,1,80,52,1,9,POR EL COVID 19,2,,,1,,2,,2,,,,,2,1,1.4,52,02,17.978536674
5372449,1,1,1,80,52,1,4,,2,,,4,,2,,2,,,,,2,1,4,52,02,39.208333333
5372490,1,2,1,80,52,1,3,,2,,,1,,2,,2,,1,24,500000,2,1,4,52,02,27.368169692
5373224,1,2,1,80,52,1,2,,2,,,2,,2,,2,,1,20,700000,2,1,1.4,52,02,12.990968068
5373224,1,4,1,80,52,2,,,,2,,,.,2,,2,,,,,2,1,,52,02,12.990968068
5378084,1,1,1,80,52,1,3,,2,,,9,,2,,2,,2,,600000,2,1,3,52,02,14.586614476
5378095,1,3,1,80,52,1,9,POR LA PANDEMIA,2,,,12,POR LA PANDEMIA,2,,2,,1,20,600000,2,1,1.4,52,02,9.8020833333
5378104,1,4,1,80,52,2,,,,2,,,.,2,,2,,,,,2,1,,52,02,13.189189761
5378903,1,3,1,80,52,2,,,,2,,,.,2,,2,,2,,600000,2,1,,52,02,23.270240135
5378922,1,2,1,80,52,2,,,,2,,,.,2,,2,,1,20,500000,2,1,,52,02,39.208333333
5378924,1,1,1,80,52,1,4,,2,,,4,,2,,2,,,,,2,1,4,52,02,39.208333333
5378935,1,3,1,80,52,2,,,,2,,,.,2,,2,,,,,2,1,,52,02,11.359746904
5378936,1,1,1,80,52,2,,,,2,,,.,2,,2,,2,,500000,2,1,,52,02,39.208333333
5378936,1,3,1,80,52,2,,,,2,,,.,2,,2,,,,,2,1,,52,02,39.208333333
5384996,1,1,1,80,52,1,5,,2,,,10,,3,,2,,,,,3,1,4,52,02,9.8020833333
5384996,1,2,1,80,52,1,5,,2,,,10,,3,,2,,,,,3,1,2,52,02,9.8020833333
5384997,1,4,1,80,52,2,,,,2,,,.,2,,2,,,,,2,1,,52,02,17.485756394
5385001,1,3,1,80,52,2,,,,2,,,.,2,,2,,1,20,1000000,2,1,,52,02,27.043423122
5385016,1,2,1,80,52,1,6,,2,,,1,,2,,2,,,,,2,1,4,52,02,9.8020833333
5386033,1,5,1,80,52,2,,,,2,,,.,2,,2,,,,,2,1,,52,02,9.8020833333
5386034,1,5,1,80,52,2,,,,2,,,.,2,,2,,2,,700000,2,1,,52,02,9.8020833333
5386035,1,1,1,80,52,1,5,,2,,,10,,3,,2,,,,,3,1,4,52,02,9.8020833333
5386035,1,2,1,80,52,1,5,,2,,,10,,3,,2,,,,,3,1,4,52,02,9.8020833333
5386035,1,4,1,80,52,2,,,,2,,,.,2,,2,,,,,2,1,,52,02,9.8020833333
5387090,1,2,1,80,52,2,,,,2,,,.,2,,2,,,,,2,1,,52,02,11.3042955
5387092,1,3,1,80,52,2,,,,2,,,.,2,,2,,,,,2,1,,52,02,17.77798333
5387092,1,5,1,80,52,1,4,,2,,,4,,2,,2,,,,,2,1,4,52,02,17.77798333
5387817,1,1,1,80,52,1,4,,2,,,4,,2,,2,,,,,2,1,4,52,02,28.004254029
5387819,1,3,1,80,52,1,2,,2,,,2,,2,,2,,1,24,908000,2,1,1.2,52,02,23.705771127
5387822,1,1,1,80,52,1,1,,2,,,8,,2,,2,,1,48,800000,2,1,1.2,52,02,28.004254029
5387860,1,3,1,80,52,1,4,,2,,,4,,2,,2,,,,,2,1,2,52,02,17.833316349
5387861,1,1,1,80,52,1,6,,2,,,1,,2,,2,,,,,2,1,2,52,02,16.273168659
5387869,1,1,1,80,52,1,4,,2,,,8,,2,,2,,,,,2,1,4,52,02,17.453236759
5387869,1,3,1,80,52,1,2,,2,,,2,,2,,2,,,,,2,1,2,52,02,17.453236759
5387869,1,6,1,80,52,2,,,,2,,,.,2,,2,,,,,2,1,,52,02,17.453236759
5387873,1,1,1,80,52,1,4,,2,,,4,,2,,2,,,,,2,1,1.2,52,02,9.8020833333
5387873,1,7,1,80,52,2,,,,2,,,.,2,,2,,,,,2,1,,52,02,9.8020833333
5387877,1,4,1,80,52,1,7,,2,,,2,,2,,2,,1,40,1000000,2,1,4,52,02,9.8020833333
5387878,1,4,1,80,52,1,2,,2,,,1,,1,,2,,1,40,1000000,2,1,4,52,02,24.394856832
5387878,1,5,1,80,52,1,2,,2,,,2,,2,,2,,2,,800000,2,1,2,52,02,24.394856832
5387879,1,1,1,80,52,2,,,,1,4,1,,2,,2,,,,,2,1,,52,02,17.017705767
5387879,1,2,1,80,52,1,6,,2,,,12,PANDEMIA COVID 19,2,,2,,1,48,908526,2,1,2,52,02,17.017705767
5387879,1,5,1,80,52,2,,,,2,,,.,2,,2,,,,,2,1,,52,02,17.017705767
5387880,1,4,1,80,52,1,8,,2,,,2,,2,,2,,,,,2,1,1.2,52,02,39.208333333
5387881,1,1,1,80,52,1,4,,2,,,4,,2,,2,,,,,2,1,4,52,02,15.711231173
5387887,1,4,1,80,52,1,9,ENTRENAR FUTBOL,2,,,11,,2,,2,,,,,2,1,1.3,52,02,19.116977558
5387892,1,2,1,80,52,2,,,,2,,,.,2,,2,,1,24,500000,2,1,,52,02,16.328620062
5387892,1,3,1,80,52,2,,,,2,,,.,2,,2,,,,,2,1,,52,02,16.328620062
5387893,1,3,1,80,52,1,8,,2,,,2,,2,,2,,,,,2,1,1.3,52,02,27.748367666
5387896,1,3,1,80,52,1,2,,2,,,4,,2,,2,,,,,2,1,1.2,52,02,19.116977558
5387896,1,4,1,80,52,2,,,,2,,,.,2,,2,,,,,2,1,,52,02,19.116977558
5387898,1,2,1,80,52,1,7,,2,,,1,,2,,2,,1,40,908000,2,1,3,52,02,9.8020833333
5387898,1,4,1,80,52,1,2,,1,,2,2,,2,,2,,,,,2,1,2,52,02,9.8020833333
5387898,1,5,1,80,52,1,7,,2,,,2,,2,,2,,1,24,800000,2,1,2,52,02,9.8020833333
5387898,1,6,1,80,52,1,7,,2,,,2,,2,,2,,1,24,1000000,2,1,2,52,02,9.8020833333
5387898,1,7,1,80,52,2,,,,2,,,.,2,,2,,,,,2,1,,52,02,9.8020833333
5387898,1,8,1,80,52,2,,,,2,,,.,2,,2,,,,,2,1,,52,02,9.8020833333
5387898,1,9,1,80,52,1,3,,2,,,9,,2,,2,,,,,2,1,4,52,02,9.8020833333
5387899,1,2,1,80,52,2,,,,2,,,.,2,,2,,,,,2,1,,52,02,39.208333333
5387900,1,5,1,80,52,1,3,,2,,,9,,2,,2,,,,,2,1,4,52,02,38.4375
5387903,1,2,1,80,52,1,9,PANDEMIA COVID 19,2,,,12,PANDEMIA COVID 19,2,,2,,1,24,500000,2,1,1.4,52,02,22.399296534
5387903,1,3,1,80,52,2,,,,2,,,.,2,,2,,,,,2,1,,52,02,22.399296534
5387905,1,3,1,80,52,1,3,,2,,,9,,2,,2,,,,,2,1,3,52,02,9.8020833333
5389492,1,1,1,80,52,1,5,,2,,,10,,3,,2,,,,,3,1,4,52,02,28.004254029
5389515,1,1,1,80,52,1,2,,2,,,2,,2,,2,,,,,2,1,2,52,02,39.208333333
5389515,1,2,1,80,52,2,,,,2,,,.,2,,2,,2,,800000,2,1,,52,02,39.208333333
5392898,1,3,1,80,52,2,,,,2,,,.,2,,2,,,,,2,1,,52,03,20.293535846
5392902,1,1,1,80,52,1,7,,2,,,1,,2,,2,,1,24,900000,2,1,2,52,03,27.346764022
5392902,1,3,1,80,52,2,,,,2,,,.,2,,2,,,,,2,1,,52,03,27.346764022
5392917,1,1,1,80,52,2,,,,1,4,1,,2,,2,,,,,2,1,,52,03,30.01894635
5392918,1,2,1,80,52,2,,,,2,,,.,2,,2,,1,20,600000,2,1,,52,03,26.831550229
5392919,1,1,1,80,52,1,9,POR LA PANDEMIA DEL COVID 19,2,,,12,POR LA PANDEMIA,2,,2,,,,,2,1,1.4,52,03,26.211327008
5392919,1,4,1,80,52,2,,,,2,,,.,2,,2,,,,,2,1,,52,03,26.211327008
5392930,1,3,1,80,52,2,,,,2,,,.,2,,2,,,,,2,1,,52,03,23.614109601
5392978,1,3,1,80,52,1,2,,2,,,2,,2,,2,,1,20,1000000,2,1,1.4,52,03,16.76089649
5392978,1,4,1,80,52,2,,,,2,,,.,2,,2,,2,,900000,2,1,,52,03,16.76089649
5392978,1,5,1,80,52,2,,,,2,,,.,2,,2,,,,,2,1,,52,03,16.76089649
5392978,1,6,1,80,52,1,4,,2,,,4,,2,,2,,,,,2,1,4,52,03,16.76089649
5392980,1,1,1,80,52,1,8,,1,,3,1,,2,,2,,2,,1300000,2,1,3,52,03,20.431640343
5392980,1,2,1,80,52,2,,,,2,,,.,2,,2,,,,,2,1,,52,03,20.431640343
5392983,1,1,1,80,52,1,3,,2,,,9,,2,,2,,2,,600000,2,1,4,52,03,15.916726455
5392986,1,4,1,80,52,1,7,,2,,,1,,2,,2,,1,48,800000,2,1,1.4,52,03,17.258334404
5393000,1,1,1,80,52,1,7,,2,,,1,,2,,2,,1,24,500000,2,1,3,52,03,19.208091184
5393000,1,3,1,80,52,2,,,,2,,,.,2,,2,,1,20,800000,2,1,,52,03,19.208091184
5393000,1,7,1,80,52,2,,,,2,,,.,2,,2,,,,,2,1,,52,03,19.208091184
5393006,1,2,1,80,52,2,,,,2,,,.,2,,2,,2,,700000,2,1,,52,03,28.463196149
5393007,1,2,1,80,52,2,,,,2,,,.,2,,2,,2,,500000,2,1,,52,03,26.258311911
5393007,1,3,1,80,52,2,,,,2,,,.,2,,2,,,,,2,1,,52,03,26.258311911
5393011,1,3,1,80,52,2,,,,2,,,.,2,,2,,,,,2,1,,52,03,32.635168643
5393012,1,1,1,80,52,1,5,,2,,,10,,3,,2,,,,,3,1,4,52,03,17.602453663
5393012,1,4,1,80,52,2,,,,2,,,.,2,,2,,,,,2,1,,52,03,17.602453663
5393014,1,4,1,80,52,2,,,,2,,,.,2,,2,,,,,2,1,,52,03,27.988068778
5393906,1,1,1,80,52,1,9,POR LA EDAD,2,,,8,,2,,2,,,,,2,1,2,52,03,26.090367505
5393910,1,1,1,80,52,1,9,POR LA EDAD,2,,,8,,2,,2,,,,,2,1,4,52,03,24.513640799
5393910,1,2,1,80,52,2,,,,1,4,1,,2,,2,,,,,2,1,,52,03,24.513640799
5393911,1,2,1,80,52,2,,,,2,,,.,2,,2,,,,,2,1,,52,03,19.25206864
5393913,1,1,1,80,52,1,4,,2,,,4,,2,,2,,,,,2,1,3,52,03,28.316333278
5393914,1,3,1,80,52,2,,,,2,,,.,2,,2,,,,,2,1,,52,03,20.431640343
5393915,1,1,1,80,52,1,3,,2,,,9,,2,,2,,,,,2,1,4,52,03,19.787485373
5398933,1,1,1,80,52,2,,,,1,4,9,,2,,2,,,,,2,1,,52,03,28.316333278
5398936,1,2,1,80,52,1,3,,1,,4,9,,2,,2,,,,,2,1,4,52,03,28.269348374
5398940,1,1,1,80,52,1,3,,2,,,8,,2,,2,,,,,2,1,4,52,03,20.880864346
5398940,1,3,1,80,52,2,,,,1,2,9,,2,,2,,2,,800000,2,1,,52,03,20.880864346
5398941,1,1,1,80,52,2,,,,1,2,1,,2,,2,,1,24,1000000,2,1,,52,03,26.740430636
5398942,1,1,1,80,52,1,3,,2,,,9,,2,,2,,,,,2,1,4,52,03,28.316333278
5398943,1,3,1,80,52,2,,,,2,,,.,2,,2,,1,20,600000,2,1,,52,03,26.167192318
5398945,1,2,1,80,52,2,,,,2,,,.,2,,2,,,,,2,1,,52,03,22.984723061
5398945,1,3,1,80,52,2,,,,2,,,.,2,,2,,,,,2,1,,52,03,22.984723061
5398946,1,2,1,80,52,2,,,,2,,,.,2,,2,,,,,2,1,,52,03,16.560881425
5398947,1,2,1,80,52,2,,,,2,,,.,2,,2,,,,,2,1,,52,03,11.378811777
5398948,1,1,1,80,52,1,7,,2,,,1,,2,,2,,,,,2,1,4,52,03,28.316333278
5402034,1,1,1,80,52,1,2,,2,,,2,,2,,2,,1,20,1000000,2,1,2,52,03,22.52565749
5402036,1,2,1,80,52,2,,,,2,,,.,2,,2,,,,,2,1,,52,03,22.478672587
5402037,1,2,1,80,52,2,,,,2,,,.,2,,2,,2,,700000,2,1,,52,03,23.908396951
5402037,2,2,2,80,52,2,,,,2,,,.,2,,2,,1,24,800000,2,1,,52,03,23.908396951
5404073,1,4,1,80,52,2,,,,2,,,.,2,,2,,,,,2,1,,52,03,28.437292781
5404074,1,1,1,80,52,1,9,POR EL COVID 19,2,,,4,,2,,2,,1,20,500000,2,1,2,52,03,19.88145518
5404075,1,1,1,80,52,1,5,,2,,,10,,3,,2,,,,,3,1,4,52,03,11.836752149
5404075,1,3,1,80,52,2,,,,2,,,.,2,,2,,,,,2,1,,52,03,11.836752149
5404076,1,1,1,80,52,1,4,,2,,,4,,2,,2,,,,,2,1,3,52,03,16.057681165
5404077,1,1,1,80,52,1,6,,2,,,1,,2,,2,,,,,2,1,3,52,03,29.452699386
5404077,1,3,1,80,52,2,,,,2,,,.,2,,2,,,,,2,1,,52,03,29.452699386
5404077,1,5,1,80,52,2,,,,2,,,.,2,,2,,,,,2,1,,52,03,29.452699386
5404078,1,2,1,80,52,1,3,,2,,,9,,2,,2,,,,,2,1,4,52,03,28.316333278
5404081,1,2,1,80,52,1,4,,2,,,4,,2,,2,,,,,2,1,2,52,03,25.169859801
5404083,1,1,1,80,52,1,4,,2,,,4,,2,,2,,,,,2,1,4,52,03,26.090367505
5407406,1,2,1,80,52,1,4,,2,,,4,,2,,2,,,,,2,1,4,52,03,28.866518441
5407406,1,3,1,80,52,2,,,,2,,,.,2,,2,,,,,2,1,,52,03,28.866518441
5407408,1,3,1,80,52,2,,,,2,,,.,2,,2,,,,,2,1,,52,03,19.573434658
5407408,1,4,1,80,52,1,7,,2,,,1,,2,,2,,1,40,800000,2,1,3,52,03,19.573434658
5407409,1,2,1,80,52,2,,,,2,,,.,2,,2,,,,,2,1,,52,03,13.984745554
5407409,1,4,1,80,52,2,,,,2,,,.,2,,2,,,,,2,1,,52,03,13.984745554
5407410,1,3,1,80,52,1,2,,2,,,2,,2,,2,,2,,800000,2,1,2,52,03,23.614109601
5407411,1,1,1,80,52,1,7,,2,,,1,,2,,1,180000,1,20,500000,2,1,2,52,03,23.007776215
5410042,1,1,1,80,52,1,4,,2,,,4,,2,,2,,,,,2,1,4,52,03,11.601827632
5410046,1,1,1,80,52,1,4,,2,,,4,,2,,2,,,,,2,1,4,52,03,28.554315742
5415178,1,2,1,80,52,1,8,,2,,,9,,2,,2,,1,20,600000,2,1,2,52,03,29.43161785
5415179,1,2,1,80,52,2,,,,2,,,.,2,,2,,2,,600000,2,1,,52,03,22.431687684
5415180,1,1,1,80,52,1,4,,2,,,4,,2,,2,,,,,2,1,4,52,03,30.06717168
5415180,1,2,1,80,52,2,,,,2,,,.,2,,2,,,,,2,1,,52,03,30.06717168
5415180,1,6,1,80,52,2,,,,2,,,.,2,,2,,,,,2,1,,52,03,30.06717168
5415183,1,2,1,80,52,2,,,,2,,,.,2,,2,,1,20,1000000,2,1,,52,03,22.434537897
5415187,1,6,1,80,52,2,,,,2,,,.,2,,2,,,,,2,1,,52,03,34.217657694
5415187,1,7,1,80,52,2,,,,2,,,.,2,,2,,,,,2,1,,52,03,34.217657694
5415188,1,1,1,80,52,1,4,,2,,,4,,2,,2,,2,,300000,2,1,4,52,03,24.730541728
5419019,1,1,1,80,52,1,7,,2,,,1,,2,,2,,,,,2,1,2,52,04,11.343160377
5419019,1,2,1,80,52,2,,,,2,,,.,2,,2,,,,,2,1,,52,04,11.343160377
5419020,1,1,1,80,52,1,4,,2,,,4,,2,,2,,,,,2,1,4,52,04,11.343160377
5422773,1,1,1,80,52,1,5,,2,,,10,,3,,2,,1,24,907000,3,1,4,52,04,11.343160377
5422773,1,2,1,80,52,1,5,,2,,,10,,3,,2,,,,,3,1,4,52,04,11.343160377
5422776,1,2,1,80,52,2,,,,2,,,.,2,,2,,,,,2,1,,52,04,11.343160377
5422776,1,4,1,80,52,2,,,,2,,,.,2,,2,,,,,2,1,,52,04,11.343160377
5422777,1,3,1,80,52,2,,,,2,,,.,2,,2,,,,,2,1,,52,04,11.343160377
5423401,1,3,1,80,52,2,,,,2,,,.,2,,2,,2,,900000,2,1,,52,04,11.343160377
5423401,1,4,1,80,52,2,,,,2,,,.,2,,2,,,,,2,1,,52,04,11.343160377
5423402,1,2,1,80,52,2,,,,2,,,.,2,,2,,1,20,900000,2,1,,52,04,11.343160377
5423402,1,3,1,80,52,1,5,,2,,,10,,3,,2,,,,,3,1,4,52,04,11.343160377
5423403,1,3,1,80,52,2,,,,2,,,.,2,,2,,,,,2,1,,52,04,43.884495337
5423690,1,1,1,80,52,1,4,,2,,,4,,2,,2,,,,,2,1,4,52,04,11.343160377
5423691,1,2,1,80,52,1,4,,2,,,4,,2,,2,,,,,2,1,4,52,04,11.343160377
5423691,1,3,1,80,52,2,,,,2,,,.,2,,2,,,,,2,1,,52,04,11.343160377
5423692,1,1,1,80,52,2,,,,2,,,.,2,,2,,,,,2,1,,52,04,52.178537736
5423693,1,2,1,80,52,1,4,,2,,,4,,2,,2,,,,,2,1,2,52,04,11.343160377
5423695,1,3,1,80,52,2,,,,2,,,.,2,,2,,2,,800000,2,1,,52,04,11.343160377
5427546,1,1,1,80,52,1,4,,2,,,4,,2,,2,,,,,2,1,3,52,04,11.343160377
5427546,1,2,1,80,52,1,4,,2,,,4,,2,,2,,,,,2,1,4,52,04,11.343160377
5427547,1,1,1,80,52,1,3,,1,,2,1,,2,,2,,1,24,800000,2,1,3,52,04,52.178537736
5427548,1,3,1,80,52,1,2,,2,,,2,,2,,2,,1,20,1000000,2,1,3,52,04,11.343160377
5427548,1,5,1,80,52,2,,,,2,,,.,2,,2,,,,,2,1,,52,04,11.343160377
5427549,1,4,1,80,52,2,,,,2,,,.,2,,2,,2,,700000,2,1,,52,04,23.600909437
5427549,1,5,1,80,52,2,,,,2,,,.,2,,2,,,,,2,1,,52,04,23.600909437
5428107,1,1,1,80,52,1,4,,2,,,8,,2,,2,,,,,2,1,4,52,04,11.692329557
5428107,1,2,1,80,52,2,,,,2,,,.,2,,2,,,,,2,1,,52,04,11.692329557
5428107,2,3,2,80,52,2,,,,2,,,.,2,,2,,,,,2,1,,52,04,11.692329557
5428107,2,5,2,80,52,2,,,,2,,,.,2,,2,,1,20,900000,2,1,,52,04,11.692329557
5428108,1,1,1,80,52,1,4,,2,,,4,,2,,2,,,,,2,1,4,52,04,30.024638455
5428109,1,1,1,80,52,1,5,,2,,,10,,3,,2,,,,,3,1,4,52,04,30.024638455
5432452,2,1,2,80,52,1,4,,2,,,4,,2,,2,,,,,2,1,4,52,04,52.178537736
5432453,1,1,1,80,52,1,4,,2,,,4,,2,,2,,1,20,900000,2,1,4,52,04,11.343160377
5432453,1,3,1,80,52,1,2,,2,,,2,,2,,2,,1,20,900000,2,1,3,52,04,11.343160377
5432455,2,2,2,80,52,1,4,,2,,,4,,2,,2,,,,,2,1,1.3,52,04,39.554207166
5432455,2,3,2,80,52,2,,,,2,,,.,2,,2,,,,,2,1,,52,04,39.554207166
5432455,2,6,2,80,52,1,4,,2,,,4,,2,,2,,,,,2,1,4,52,04,39.554207166
5432927,1,1,1,80,52,1,4,,2,,,4,,2,,2,,,,,2,1,4,52,04,52.178537736
5432927,1,2,1,80,52,1,4,,2,,,4,,2,,2,,,,,2,1,4,52,04,52.178537736
5432927,1,3,1,80,52,1,2,,2,,,2,,2,,2,,1,20,1000000,2,1,3,52,04,52.178537736
5432927,2,2,2,80,52,2,,,,2,,,.,2,,2,,1,20,900000,2,1,,52,04,52.178537736
5432928,1,3,1,80,52,1,4,,2,,,4,,2,,2,,,,,2,1,2,52,04,11.343160377
5432930,1,2,1,80,52,2,,,,2,,,.,2,,2,,,,,2,1,,52,04,11.343160377
5433434,1,2,1,80,52,2,,,,2,,,.,2,,2,,,,,2,1,,52,04,11.343160377
5433434,1,3,1,80,52,2,,,,2,,,.,2,,2,,,,,2,1,,52,04,11.343160377
5433468,1,5,1,80,52,1,4,,2,,,4,,2,,2,,,,,2,1,4,52,04,11.343160377
5433468,1,6,1,80,52,1,3,,2,,,9,,2,,2,,,,,2,1,2,52,04,11.343160377
5433472,1,1,1,80,52,1,9,PANDEMIA COVID 19,2,,,12,PANDEMIA COVID 19,1,,2,,1,48,1200000,2,1,2,52,04,11.343160377
5433473,1,3,1,80,52,2,,,,2,,,.,2,,2,,2,,908526,2,1,,52,04,11.343160377
5433474,1,1,1,80,52,1,4,,2,,,4,,2,,2,,,,,2,1,4,52,04,11.343160377
5433475,1,1,1,80,52,1,4,,2,,,4,,2,,2,,,,,2,1,4,52,04,11.343160377
5433479,1,3,1,80,52,2,,,,2,,,.,2,,2,,,,,2,1,,52,04,11.343160377
5433479,1,4,1,80,52,2,,,,2,,,.,2,,2,,,,,2,1,,52,04,11.343160377
5433488,1,1,1,80,52,1,4,,2,,,4,,2,,2,,,,,2,1,4,52,04,11.343160377
5433489,1,2,1,80,52,2,,,,2,,,.,2,,2,,,,,2,1,,52,04,38.925262685
5433493,1,4,1,80,52,1,4,,2,,,4,,2,,2,,,,,2,1,4,52,04,11.343160377
5433494,1,3,1,80,52,2,,,,2,,,.,2,,2,,,,,2,1,,52,04,11.343160377
5433495,1,2,1,80,52,1,9,PANDEMIA COVID 19,2,,,12,PANDEMIA COVID 19,2,,2,,1,24,400000,2,1,2,52,04,52.178537736
5434742,1,1,1,80,52,1,7,,2,,,1,,2,,1,90000,1,40,900000,2,1,1.2,52,04,11.343160377
5434742,1,3,1,80,52,1,6,,2,,,1,,2,,2,,1,40,400000,2,1,2,52,04,11.343160377
5434744,1,2,1,80,52,2,,,,2,,,.,2,,2,,1,40,908000,2,1,,52,04,46.598508531
5434744,1,3,1,80,52,2,,,,2,,,.,2,,2,,,,,2,1,,52,04,46.598508531
5434747,1,2,1,80,52,2,,,,2,,,.,2,,2,,,,,2,1,,52,04,48.990285673
5434749,1,4,1,80,52,2,,,,2,,,.,2,,2,,,,,2,1,,52,04,11.343160377
5434749,1,5,1,80,52,2,,,,2,,,.,2,,2,,,,,2,1,,52,04,11.343160377
5434750,1,1,1,80,52,1,4,,2,,,4,,3,,2,,,,,3,1,4,52,04,11.343160377
5434752,1,3,1,80,52,2,,,,2,,,.,2,,2,,,,,2,1,,52,04,11.343160377
5434754,1,2,1,80,52,1,3,,2,,,9,,2,,2,,,,,2,1,2,52,04,52.178537736
5434756,1,2,1,80,52,1,7,,2,,,4,,2,,2,,2,,500000,2,1,2,52,04,11.343160377
5434757,1,2,1,80,52,1,8,,2,,,11,,2,,1,280000,,,,2,1,1.1,52,04,52.178537736
5434758,1,1,1,80,52,1,4,,2,,,4,,2,,2,,,,,2,1,4,52,04,30.024638455
5437922,1,3,1,80,52,2,,,,2,,,.,2,,2,,,,,2,1,,52,04,35.814979381
5437927,1,1,1,80,52,1,9,PANDEMIA COVID 19,2,,,9,,2,,2,,1,24,500000,2,1,2,52,04,11.343160377
5437928,1,2,1,80,52,1,3,,2,,,9,,2,,2,,,,,2,1,4,52,04,11.343160377
5437933,1,2,1,80,52,1,4,,2,,,4,,2,,2,,,,,2,1,4,52,04,11.343160377
5437935,1,5,1,80,52,2,,,,2,,,.,2,,2,,,,,2,1,,52,04,11.343160377
5437935,1,6,1,80,52,1,4,,2,,,4,,2,,2,,,,,2,1,4,52,04,11.343160377
5437936,1,2,1,80,52,1,4,,2,,,4,,2,,2,,1,40,908000,2,1,4,52,04,11.343160377
5437942,1,5,1,80,52,1,7,,2,,,1,,2,,2,,1,40,300000,2,1,2,52,04,11.343160377
5437942,1,6,1,80,52,1,8,,2,,,2,,2,,2,,,,,2,1,1.2,52,04,11.343160377
5437943,1,1,1,80,52,1,3,,2,,,9,,2,,2,,,,,2,1,2,52,04,11.343160377
5437943,1,2,1,80,52,2,,,,2,,,.,2,,2,,,,,2,1,,52,04,11.343160377
5437944,1,2,1,80,52,2,,,,2,,,.,2,,2,,,,,2,1,,52,04,11.343160377
5437944,1,3,1,80,52,2,,,,2,,,.,2,,2,,,,,2,1,,52,04,11.343160377
5437947,1,1,1,80,52,1,5,,2,,,4,,3,,2,,,,,3,1,4,52,04,11.343160377
5437947,1,2,1,80,52,1,8,,2,,,9,,2,,2,,,,,2,1,4,52,04,11.343160377
5437952,1,1,1,80,52,1,3,,2,,,9,,2,,2,,,,,2,1,4,52,04,21.561270024
5437955,1,2,1,80,52,1,3,,2,,,9,,2,,2,,,,,2,1,4,52,04,11.343160377
5449064,1,2,1,80,52,2,,,,2,,,.,2,,2,,,,,2,1,,52,05,21.140258827
5449065,1,3,1,80,52,1,2,,2,,,2,,2,,2,,1,20,1000000,2,1,2,52,05,8.6924698795
5449065,1,5,1,80,52,2,,,,2,,,.,2,,2,,,,,2,1,,52,05,8.6924698795
5449067,1,1,1,80,52,1,3,,2,,,9,,2,,2,,,,,2,1,3,52,05,17.675467689
5449068,1,1,1,80,52,1,4,,2,,,4,,2,,2,,,,,2,1,2,52,05,11.112702665
5449068,1,3,1,80,52,2,,,,2,,,.,2,,2,,,,,2,1,,52,05,11.112702665
5449069,1,2,1,80,52,1,5,,2,,,1,,3,,2,,,,,3,1,3,52,05,8.6924698795
5449069,1,4,1,80,52,1,6,,2,,,1,,2,,2,,,,,2,1,3,52,05,8.6924698795
5449070,1,3,1,80,52,2,,,,2,,,.,2,,2,,,,,2,1,,52,05,8.6924698795
5449071,1,2,1,80,52,2,,,,2,,,.,2,,2,,,,,2,1,,52,05,21.140258827
5449072,1,1,1,80,52,2,,,,2,,,.,2,,2,,,,,2,1,,52,05,34.769879518
5449074,1,4,1,80,52,2,,,,2,,,.,2,,2,,1,20,1000000,2,1,,52,05,8.6924698795
5449076,1,2,1,80,52,1,3,,2,,,9,,2,,2,,,,,2,1,4,52,05,14.337973478
5449077,1,1,1,80,52,1,4,,2,,,4,,2,,2,,,,,2,1,3,52,05,8.6924698795
5449077,1,6,1,80,52,1,3,,2,,,9,,2,,2,,,,,2,1,2,52,05,8.6924698795
5449079,1,2,1,80,52,1,4,,2,,,4,,2,,2,,,,,2,1,3,52,05,18.228274418
5449079,1,3,1,80,52,2,,,,2,,,.,2,,2,,,,,2,1,,52,05,18.228274418
5449081,1,2,1,80,52,1,5,,2,,,10,,3,,2,,,,,3,1,4,52,05,10.102956811
5449083,1,1,1,80,52,1,4,,2,,,4,,2,,2,,,,,2,1,4,52,05,8.6924698795
5449084,1,3,1,80,52,2,,,,2,,,.,2,,2,,,,,2,1,,52,05,18.228274418
5449085,1,3,1,80,52,2,,,,2,,,.,2,,2,,,,,2,1,,52,05,8.6924698795
5449086,1,2,1,80,52,2,,,,2,,,.,2,,2,,,,,2,1,,52,05,26.398734858
5449088,1,5,1,80,52,2,,,,2,,,.,2,,2,,,,,2,1,,52,05,13.204481317
5449089,1,1,1,80,52,1,3,,2,,,9,,2,,2,,,,,2,1,4,52,05,8.6924698795
5449089,1,3,1,80,52,2,,,,2,,,.,2,,2,,,,,2,1,,52,05,8.6924698795
5449089,1,6,1,80,52,2,,,,2,,,.,2,,2,,,,,2,1,,52,05,8.6924698795
5449093,1,2,1,80,52,2,,,,2,,,.,2,,2,,,,,2,1,,52,05,22.620657315
5449094,1,1,1,80,52,2,,,,2,,,.,2,,2,,,,,2,1,,52,05,30.828020891
5449094,1,4,1,80,52,1,3,,1,,2,9,,2,,2,,,,,2,1,2,52,05,30.828020891
5449266,1,3,1,80,52,1,4,,2,,,8,,2,,2,,,,,2,1,4,52,05,21.420084588
5449267,1,2,1,80,52,2,,,,2,,,.,2,,2,,1,25,900000,2,1,,52,05,10.79941626
5449267,1,3,1,80,52,2,,,,2,,,.,2,,2,,,,,2,1,,52,05,10.79941626
5449268,1,2,1,80,52,1,7,,2,,,12,POR LA PANDEMIA,2,,2,,1,40,900000,2,1,2,52,05,12.969798388
5449268,1,3,1,80,52,2,,,,2,,,.,2,,2,,,,,2,1,,52,05,12.969798388
5449269,1,5,1,80,52,2,,,,2,,,.,2,,2,,,,,2,1,,52,05,8.6924698795
5449270,1,2,1,80,52,1,4,,2,,,4,,2,,2,,1,20,500000,2,1,3,52,05,8.6924698795
5449271,1,1,1,80,52,2,,,,2,,,.,2,,2,,,,,2,1,,52,05,9.0794974475
5449272,1,5,1,80,52,1,4,,2,,,4,,2,,2,,,,,2,1,2,52,05,17.712761859
5449272,1,8,1,80,52,2,,,,2,,,.,2,,2,,,,,2,1,,52,05,17.712761859
5449763,1,1,1,80,52,1,3,,2,,,9,,2,,2,,,,,2,1,4,52,05,33.052052982
5449763,1,4,1,80,52,2,,,,2,,,.,2,,2,,,,,2,1,,52,05,33.052052982
5449765,1,1,1,80,52,1,3,,2,,,9,,2,,2,,,,,2,1,4,52,05,8.6924698795
5449765,1,3,1,80,52,2,,,,2,,,.,2,,2,,,,,2,1,,52,05,8.6924698795
5449765,1,5,1,80,52,2,,,,2,,,.,2,,2,,,,,2,1,,52,05,8.6924698795
5449766,1,2,1,80,52,2,,,,2,,,.,2,,2,,,,,2,1,,52,05,34.769879518
5449768,1,1,1,80,52,1,4,,2,,,4,,2,,2,,,,,2,1,4,52,05,26.443877689
5449769,1,1,1,80,52,1,4,,2,,,4,,2,,2,,,,,2,1,4,52,05,34.769879518
5450144,1,1,1,80,52,1,3,,2,,,9,,2,,2,,,,,2,1,4,52,05,8.6924698795
5450144,1,4,1,80,52,2,,,,2,,,.,2,,2,,,,,2,1,,52,05,8.6924698795
5450145,1,3,1,80,52,2,,,,2,,,.,2,,2,,1,20,900000,2,1,,52,05,8.6924698795
5454300,1,1,1,80,52,2,,,,2,,,.,2,,2,,,,,2,1,,52,05,22.620657315
5454300,1,2,1,80,52,2,,,,2,,,.,2,,2,,,,,2,1,,52,05,22.620657315
5454301,1,1,1,80,52,1,5,,2,,,10,,2,,2,,,,,2,1,4,52,05,8.6924698795
5454303,1,3,1,80,52,2,,,,2,,,.,2,,2,,,,,2,1,,52,05,8.6924698795
5454304,1,2,1,80,52,1,5,,2,,,10,,2,,2,,,,,2,1,4,52,05,8.6924698795
5454304,1,3,1,80,52,2,,,,2,,,.,2,,2,,,,,2,1,,52,05,8.6924698795
5454306,1,3,1,80,52,1,4,,2,,,4,,2,,2,,,,,2,1,4,52,05,18.59154105
5454308,1,2,1,80,52,2,,,,2,,,.,2,,2,,,,,2,1,,52,05,9.0008939717
5454308,1,3,1,80,52,1,3,,2,,,9,,2,,2,,,,,2,1,4,52,05,9.0008939717
5454310,1,1,1,80,52,1,5,,2,,,10,,3,,2,,,,,3,1,4,52,05,34.769879518
5454313,1,1,1,80,52,1,5,,2,,,10,,3,,2,,,,,3,1,4,52,05,26.443877689
5454313,1,2,1,80,52,1,4,,2,,,4,,2,,2,,,,,2,1,4,52,05,26.443877689
5454315,1,3,1,80,52,2,,,,2,,,.,2,,2,,,,,2,1,,52,05,20.912688126
5454315,1,5,1,80,52,1,4,,2,,,4,,2,,2,,,,,2,1,3,52,05,20.912688126
5454315,1,6,1,80,52,2,,,,2,,,.,2,,2,,,,,2,1,,52,05,20.912688126
5454318,1,2,1,80,52,2,,,,2,,,.,2,,2,,,,,2,1,,52,05,8.6924698795
5454638,1,4,1,80,52,2,,,,2,,,.,2,,2,,,,,2,1,,52,05,8.6924698795
5454639,1,3,1,80,52,2,,,,2,,,.,2,,2,,,,,2,1,,52,05,8.6924698795
5454641,1,4,1,80,52,2,,,,2,,,.,2,,2,,,,,2,1,,52,05,8.6924698795
5454641,1,7,1,80,52,2,,,,2,,,.,2,,2,,,,,2,1,,52,05,8.6924698795
5454642,1,1,1,80,52,1,3,,2,,,9,,2,,2,,2,,800000,2,1,3,52,05,32.387022855
5454644,1,2,1,80,52,1,5,,2,,,10,,3,,2,,,,,3,1,4,52,05,8.6924698795
5455312,1,1,1,80,52,2,,,,2,,,.,2,,2,,2,,500000,2,1,,52,05,18.228274418
5455313,1,1,1,80,52,1,4,,2,,,4,,2,,2,,,,,2,1,3,52,05,26.443877689
5455313,1,2,1,80,52,1,5,,2,,,10,,3,,2,,,,,3,1,4,52,05,26.443877689
5455317,1,2,1,80,52,1,3,,2,,,9,,2,,2,,,,,2,1,4,52,05,23.218606876
5455317,1,3,1,80,52,2,,,,2,,,.,2,,2,,,,,2,1,,52,05,23.218606876
5455558,1,4,1,80,52,2,,,,2,,,.,2,,2,,,,,2,1,,52,05,8.6924698795
5455560,1,1,1,80,52,2,,,,2,,,.,2,,2,,,,,2,1,,52,05,8.6924698795
5455560,1,3,1,80,52,2,,,,2,,,.,2,,2,,,,,2,1,,52,05,8.6924698795
5455563,1,3,1,80,52,2,,,,2,,,.,2,,2,,,,,2,1,,52,05,28.843628241
5455565,1,1,1,80,52,1,3,,2,,,8,,2,,2,,,,,2,1,4,52,05,11.645479353
5455565,1,7,1,80,52,2,,,,2,,,.,2,,2,,,,,2,1,,52,05,11.645479353
5456582,1,1,1,80,52,1,3,,2,,,9,,2,,2,,,,,2,1,4,52,05,8.6924698795
5456582,1,3,1,80,52,2,,,,2,,,.,2,,2,,,,,2,1,,52,05,8.6924698795
5460255,1,3,1,80,52,2,,,,2,,,.,2,,2,,,,,2,1,,52,05,18.228274418
5460256,1,2,1,80,52,2,,,,2,,,.,2,,2,,,,,2,1,,52,05,8.6924698795
5460256,1,3,1,80,52,2,,,,2,,,.,2,,2,,,,,2,1,,52,05,8.6924698795
5460256,1,4,1,80,52,2,,,,2,,,.,2,,2,,,,,2,1,,52,05,8.6924698795
5460256,1,5,1,80,52,2,,,,2,,,.,2,,2,,,,,2,1,,52,05,8.6924698795
5460257,1,1,1,80,52,1,5,,2,,,10,,3,,2,,,,,3,1,4,52,05,8.6924698795
5460257,1,2,1,80,52,2,,,,2,,,.,2,,2,,,,,2,1,,52,05,8.6924698795
5460631,1,1,1,80,52,1,5,,2,,,10,,3,,2,,,,,3,1,4,52,05,8.6924698795
5462137,1,2,1,80,52,2,,,,2,,,.,2,,2,,,,,2,1,,52,05,29.789306314
5462137,1,3,1,80,52,2,,,,2,,,.,2,,2,,,,,2,1,,52,05,29.789306314
5462137,2,3,2,80,52,2,,,,2,,,.,2,,2,,,,,2,1,,52,05,29.789306314
5462137,2,4,2,80,52,2,,,,2,,,.,2,,2,,,,,2,1,,52,05,29.789306314
5462138,1,1,1,80,52,1,9,POR LA PANDEMIA,2,,,12,POR LA PANDEMIA,2,,2,,,,,2,1,2,52,05,34.769879518
5462139,1,1,1,80,52,1,9,POR LA PANDEMIA,2,,,12,POR LA PANDEMIA,2,,2,,,,,2,1,2,52,05,8.6924698795
5462139,1,3,1,80,52,2,,,,2,,,.,2,,2,,,,,2,1,,52,05,8.6924698795
5462139,1,4,1,80,52,2,,,,2,,,.,2,,2,,,,,2,1,,52,05,8.6924698795
5462875,1,1,1,80,52,1,4,,2,,,4,,2,,2,,,,,2,1,1.3,52,05,26.443877689
5462875,1,2,1,80,52,1,9,LE TOCA CUIDAR AL ESPOSO QUE ESTA ENFERMO,2,,,12,POR CUIDAR A SU ESPOSO QUE ESTA ENFERMO,2,,2,,1,48,500000,2,1,2,52,05,26.443877689
5462876,1,1,1,80,52,1,4,,2,,,4,,2,,2,,,,,2,1,4,52,05,8.6924698795
5462876,1,2,1,80,52,1,4,,2,,,4,,2,,2,,,,,2,1,3,52,05,8.6924698795
5462876,1,4,1,80,52,2,,,,2,,,.,2,,2,,,,,2,1,,52,05,8.6924698795
5464313,1,1,1,80,52,2,,,,2,,,.,2,,2,,,,,2,1,,52,05,8.6924698795
5464313,1,3,1,80,52,2,,,,2,,,.,2,,2,,1,20,600000,2,1,,52,05,8.6924698795
5468592,1,3,1,80,52,2,,,,1,4,8,,3,,2,,,,,3,1,,52,05,8.6924698795
5474172,1,1,1,80,52,1,9,POR EL COVID 19,2,,,12,POR EL COVID 19,2,,2,,1,24,500000,2,1,2,52,06,11.600348339
5474176,1,1,1,80,52,1,9,POR EL COVID 19,2,,,12,POR EL COVID 19,2,,2,,1,40,500000,2,1,2,52,06,14.81478864
5474176,1,6,1,80,52,2,,,,2,,,.,2,,2,,1,20,500000,2,1,,52,06,14.81478864
5474178,1,1,1,80,52,1,4,,2,,,4,,2,,2,,,,,2,1,4,52,06,11.600348339
5474180,1,2,1,80,52,2,,,,2,,,.,2,,2,,,,,2,1,,52,06,11.600348339
5474180,1,3,1,80,52,2,,,,2,,,.,2,,2,,,,,2,1,,52,06,11.600348339
5474180,1,5,1,80,52,2,,,,2,,,.,2,,2,,1,20,500000,2,1,,52,06,11.600348339
5474181,1,3,1,80,52,2,,,,2,,,.,2,,2,,2,,500000,2,1,,52,06,11.600348339
5474182,1,1,1,80,52,1,9,POR EL COVID 19,2,,,12,POR EL COVID 19,2,,2,,1,24,400000,2,1,2,52,06,11.600348339
5474182,1,3,1,80,52,2,,,,2,,,.,2,,2,,,,,2,1,,52,06,11.600348339
5474182,1,6,1,80,52,2,,,,2,,,.,2,,2,,1,20,800000,2,1,,52,06,11.600348339
5474183,1,1,1,80,52,2,,,,2,,,.,2,,2,,,,,2,1,,52,06,11.600348339
5474185,1,2,1,80,52,1,4,,2,,,4,,2,,2,,,,,2,1,3,52,06,21.47608221
5474186,1,3,1,80,52,2,,,,2,,,.,2,,2,,,,,2,1,,52,06,23.570581727
5474189,1,2,1,80,52,2,,,,2,,,.,2,,2,,,,,2,1,,52,06,11.600348339
5474189,1,6,1,80,52,1,4,,2,,,4,,2,,2,,,,,2,1,4,52,06,11.600348339
5474189,1,7,1,80,52,2,,,,2,,,.,2,,2,,,,,2,1,,52,06,11.600348339
5474191,1,3,1,80,52,2,,,,2,,,.,2,,2,,,,,2,1,,52,06,18.935783456
5474194,1,2,1,80,52,2,,,,2,,,.,2,,2,,,,,2,1,,52,06,21.430304575
5474341,1,1,1,80,52,1,9,POR LA PANDEMIA,2,,,12,POR LA PANDEMIA,2,,2,,,,,2,1,2,52,06,46.401393355
5474341,1,2,1,80,52,2,,,,2,,,.,2,,2,,,,,2,1,,52,06,46.401393355
5474341,1,4,1,80,52,2,,,,2,,,.,2,,2,,,,,2,1,,52,06,46.401393355
5474343,1,1,1,80,52,2,,,,2,,,.,3,,2,,,,,3,1,,52,06,11.600348339
5474343,1,2,1,80,52,2,,,,2,,,.,3,,2,,,,,3,1,,52,06,11.600348339
5474850,1,1,1,80,52,1,4,,2,,,4,,2,,2,,,,,2,1,4,52,06,11.600348339
5474851,1,2,1,80,52,1,4,,2,,,4,,2,,2,,2,,908000,2,1,2,52,06,27.970764263
5474852,1,3,1,80,52,2,,,,2,,,.,2,,2,,,,,2,1,,52,06,11.600348339
5474852,1,4,1,80,52,2,,,,2,,,.,2,,2,,,,,2,1,,52,06,11.600348339
5474854,1,2,1,80,52,1,9,POR LA PANDEMIA,1,,1,12,POR LA PANDEMIA,2,,2,,,,,2,1,2,52,06,11.600348339
5474854,1,5,1,80,52,2,,,,2,,,.,2,,2,,2,,900000,2,1,,52,06,11.600348339
5474854,1,6,1,80,52,2,,,,2,,,.,2,,2,,1,20,900000,2,1,,52,06,11.600348339
5474856,1,1,1,80,52,1,3,,2,,,9,,2,,2,,,,,2,1,2,52,06,11.600348339
5474857,1,2,1,80,52,2,,,,2,,,.,2,,2,,1,20,500000,2,1,,52,06,46.401393355
5475111,1,1,1,80,52,1,4,,2,,,4,,2,,2,,,,,2,1,3,52,06,46.401393355
5475112,1,1,1,80,52,1,5,,2,,,10,,3,,2,,,,,3,1,4,52,06,21.47608221
5475112,1,2,1,80,52,1,4,,2,,,4,,2,,2,,,,,2,1,4,52,06,21.47608221
5475113,1,1,1,80,52,2,,,,2,,,.,2,,2,,,,,2,1,,52,06,37.70356613
5475113,1,3,1,80,52,2,,,,2,,,.,2,,2,,,,,2,1,,52,06,37.70356613
5475116,1,3,1,80,52,2,,,,2,,,.,2,,2,,,,,2,1,,52,06,18.935783456
5479277,1,2,1,80,52,1,9,POR LA PANDEMIA,2,,,12,POR LA PANDEMIA,2,,2,,1,40,900000,2,1,2,52,06,46.401393355
5479277,1,3,1,80,52,2,,,,2,,,.,2,,2,,,,,2,1,,52,06,46.401393355
5479278,1,3,1,80,52,2,,,,2,,,.,2,,2,,1,20,600000,2,1,,52,06,46.401393355
5479282,1,2,1,80,52,2,,,,2,,,.,2,,2,,,,,2,1,,52,06,30.496913869
5479283,1,2,1,80,52,2,,,,2,,,.,2,,2,,,,,2,1,,52,06,25.862115598
5479285,1,4,1,80,52,2,,,,2,,,.,2,,2,,2,,800000,2,1,,52,06,23.570581727
5479286,1,3,1,80,52,2,,,,2,,,.,2,,2,,,,,2,1,,52,06,46.401393355
5479288,1,2,1,80,52,1,9,POR LA PANDEMIA,2,,,12,POR LA PANDEMIA,2,,2,,1,20,600000,2,1,2,52,06,11.600348339
5480054,1,1,1,80,52,1,5,,2,,,10,,3,,2,,,,,3,1,3,52,06,11.600348339
5480054,1,2,1,80,52,2,,,,2,,,.,2,,2,,,,,2,1,,52,06,11.600348339
5480055,1,2,1,80,52,1,9,POR LA PANDEMIA,1,,2,12,POR LA PANDEMIA,2,,2,,1,40,900000,2,1,2,52,06,11.600348339
5480056,1,2,1,80,52,1,7,,2,,,1,,2,,2,,,,,2,1,4,52,06,11.600348339
5480059,1,3,1,80,52,2,,,,2,,,.,2,,2,,2,,900000,2,1,,52,06,27.414712968
5480219,1,4,1,80,52,2,,,,2,,,.,2,,2,,1,24,800000,2,1,,52,06,11.600348339
5480220,1,2,1,80,52,2,,,,2,,,.,2,,2,,1,20,600000,2,1,,52,06,44.166692948
5481082,1,2,1,80,52,2,,,,2,,,.,2,,2,,1,24,900000,2,1,,52,06,11.600348339
5481083,1,2,1,80,52,1,3,,2,,,9,,2,,2,,,,,2,1,4,52,06,21.47608221
5481084,1,2,1,80,52,1,9,POR LA PANDEMIA,2,,,12,POR LA PANDEMIA,2,,2,,2,,900000,2,1,2,52,06,11.600348339
5481085,1,1,1,80,52,1,4,,2,,,4,,2,,2,,2,,500000,2,1,3,52,06,11.600348339
5484803,1,3,1,80,52,1,9,POR LA PANDEMIA,2,,,12,POR LA PANDEMIA,2,,2,,1,28,900000,2,1,2,52,06,46.401393355
5484803,1,5,1,80,52,2,,,,2,,,.,2,,2,,,,,2,1,,52,06,46.401393355
5485368,1,3,1,80,52,1,5,,2,,,10,,3,,2,,,,,3,1,4,52,06,11.600348339
5485368,1,4,1,80,52,2,,,,2,,,.,2,,2,,2,,900000,2,1,,52,06,11.600348339
5485370,1,1,1,80,52,1,5,,2,,,10,,3,,2,,,,,3,1,4,52,06,21.47608221
5485371,1,2,1,80,52,2,,,,2,,,.,2,,2,,,,,2,1,,52,06,26.110880482
5486428,1,1,1,80,52,1,9,POR EL COVID 19,1,,1,12,POR EL COVID 19,2,,2,,1,24,600000,2,1,2,52,06,11.600348339
5486428,2,1,2,80,52,2,,,,2,,,.,2,,2,,2,,600000,2,1,,52,06,11.600348339
5486433,1,2,1,80,52,2,,,,2,,,.,2,,2,,,,,2,1,,52,06,25.862115598
5486434,1,1,1,80,52,1,4,,2,,,4,,2,,2,,,,,2,1,1.4,52,06,11.600348339
5486434,1,2,1,80,52,2,,,,2,,,.,2,,2,,,,,2,1,,52,06,11.600348339
5487660,1,4,1,80,52,2,,,,2,,,.,2,,2,,2,,800000,2,1,,52,06,46.401393355
5487661,1,1,1,80,52,1,3,,2,,,9,,2,,2,,,,,2,1,4,52,06,11.600348339
5487661,1,3,1,80,52,1,9,POR LA PANDEMIA,2,,,12,POR LA PANDEMIA,2,,2,,1,24,800000,2,1,2,52,06,11.600348339
5487661,1,5,1,80,52,2,,,,2,,,.,2,,2,,,,,2,1,,52,06,11.600348339
5487663,1,2,1,80,52,2,,,,2,,,.,2,,2,,,,,2,1,,52,06,46.401393355
5493479,1,1,1,80,52,2,,,,2,,,.,2,,2,,1,20,900000,2,1,,52,06,46.401393355
5497951,1,1,1,80,52,1,4,,2,,,4,,2,,2,,,,,2,1,4,52,07,11.033002039
5497952,1,2,1,80,52,2,,,,2,,,.,2,,2,,,,,2,1,,52,07,12.746167451
5497952,1,4,1,80,52,2,,,,2,,,.,2,,2,,,,,2,1,,52,07,12.746167451
5497952,1,5,1,80,52,2,,,,2,,,.,2,,2,,,,,2,1,,52,07,12.746167451
5497953,1,1,1,80,52,1,3,,2,,,9,,2,,2,,2,,600000,2,1,1.4,52,07,44.132008155
5497955,1,1,1,80,52,1,4,,2,,,4,,2,,2,,,,,2,1,4,52,07,11.033002039
5497956,1,4,1,80,52,2,,,,2,,,.,2,,2,,,,,2,1,,52,07,12.501027878
5497956,1,8,1,80,52,2,,,,2,,,.,2,,2,,2,,500000,2,1,,52,07,12.501027878
5497957,1,4,1,80,52,2,,,,2,,,.,2,,2,,1,20,500000,2,1,,52,07,16.721672731
5497959,1,2,1,80,52,2,,,,2,,,.,2,,2,,,,,2,1,,52,07,15.358903153
5497960,1,2,1,80,52,2,,,,1,2,12,POR LA PANDEMIA,2,,2,,1,40,500000,2,1,,52,07,16.76917281
5497961,1,2,1,80,52,1,2,,2,,,2,,2,,2,,2,,900000,2,1,2,52,07,37.783035434
5497962,1,2,1,80,52,2,,,,2,,,.,2,,2,,,,,2,1,,52,07,24.855144635
5497962,1,3,1,80,52,2,,,,2,,,.,2,,2,,,,,2,1,,52,07,24.855144635
5498153,1,2,1,80,52,1,4,,2,,,4,,2,,2,,,,,2,1,4,52,07,21.640544797
5498154,1,1,1,80,52,1,4,,2,,,4,,2,,2,,,,,2,1,4,52,07,30.013977867
5498154,1,2,1,80,52,2,,,,2,,,.,2,,2,,,,,2,1,,52,07,30.013977867
5498616,1,1,1,80,52,1,3,,2,,,1,,2,,2,,1,24,800000,2,1,4,52,07,11.033002039
5498616,1,4,1,80,52,2,,,,2,,,.,2,,2,,,,,2,1,,52,07,11.033002039
5498617,1,1,1,80,52,1,4,,2,,,4,,2,,2,,,,,2,1,4,52,07,11.033002039
5498619,1,2,1,80,52,2,,,,2,,,.,2,,2,,,,,2,1,,52,07,38.38489957
5498619,1,3,1,80,52,2,,,,2,,,.,2,,2,,,,,2,1,,52,07,38.38489957
5498619,1,4,1,80,52,2,,,,2,,,.,2,,2,,,,,2,1,,52,07,38.38489957
5498811,1,2,1,80,52,1,3,,2,,,1,,2,,2,,1,24,500000,2,1,4,52,07,22.08839572
5498811,1,4,1,80,52,2,,,,2,,,.,2,,2,,,,,2,1,,52,07,22.08839572
5512754,1,1,1,80,52,2,,,,2,,,.,2,,2,,,,,2,1,,52,07,11.033002039
5512754,1,2,1,80,52,1,3,,2,,,9,,2,,2,,,,,2,1,4,52,07,11.033002039
5512754,1,3,1,80,52,2,,,,2,,,.,2,,2,,,,,2,1,,52,07,11.033002039
5512756,1,1,1,80,52,1,3,,2,,,4,,2,,2,,,,,2,1,4,52,07,14.909748
5512757,1,1,1,80,52,1,5,,2,,,10,,3,,2,,,,,3,1,4,52,07,11.033002039
5512758,1,2,1,80,52,1,3,,2,,,9,,2,,2,,,,,2,1,4,52,07,28.417537442
5512760,1,1,1,80,52,1,5,,2,,,10,,3,,2,,,,,3,1,4,52,07,24.135309966
5512763,1,3,1,80,52,1,2,,2,,,2,,2,,2,,,,,2,1,1.4,52,07,12.144303315
5512766,1,1,1,80,52,1,3,,2,,,8,,2,,2,,,,,2,1,4,52,07,11.033002039
5512766,1,3,1,80,52,2,,,,2,,,.,2,,2,,,,,2,1,,52,07,11.033002039
5512767,1,1,1,80,52,1,3,,2,,,9,,2,,2,,1,40,700000,2,1,1.4,52,07,11.033002039
5512767,1,2,1,80,52,1,2,,2,,,2,,2,,1,200000,,,,2,1,1.1,52,07,11.033002039
5512771,1,3,1,80,52,1,7,,2,,,2,,2,,2,,,,,2,1,1.4,52,07,11.033002039
5512772,1,2,1,80,52,1,3,,2,,,4,,2,,2,,,,,2,1,4,52,07,22.748063527
5512773,1,2,1,80,52,2,,,,2,,,.,2,,2,,,,,2,1,,52,07,35.272980584
5512774,1,3,1,80,52,2,,,,2,,,.,2,,2,,,,,2,1,,52,07,12.144303315
5512776,1,3,1,80,52,2,,,,2,,,.,2,,2,,,,,2,1,,52,07,14.709538939
5512777,1,2,1,80,52,1,4,,2,,,4,,2,,2,,2,,1100000,2,1,1.4,52,07,11.741329573
5512779,1,3,1,80,52,1,2,,2,,,2,,2,,2,,2,,908526,2,1,3,52,07,17.619997474
5512781,1,3,1,80,52,2,,,,2,,,.,2,,2,,,,,2,1,,52,07,17.619997474
5512784,1,2,1,80,52,2,,,,2,,,.,2,,2,,,,,2,1,,52,07,11.033002039
5512785,1,1,1,80,52,1,3,,2,,,9,,2,,2,,,,,2,1,1.3,52,07,16.566505222
5512785,1,3,1,80,52,1,3,,2,,,9,,2,,2,,,,,2,1,3,52,07,16.566505222
5512785,1,7,1,80,52,1,4,,2,,,4,,2,,2,,,,,2,1,4,52,07,16.566505222
5512792,1,2,1,80,52,1,3,,2,,,9,,2,,2,,,,,2,1,4,52,07,16.521516511
5512794,1,3,1,80,52,2,,,,2,,,.,2,,2,,,,,2,1,,52,07,17.915250944
5512797,1,3,1,80,52,1,3,,2,,,9,,2,,2,,,,,2,1,1.3,52,07,15.870848066
5512798,1,2,1,80,52,2,,,,2,,,.,2,,2,,,,,2,1,,52,07,23.329474011
5512803,1,2,1,80,52,1,3,,2,,,9,,2,,2,,1,25,300000,2,1,3,52,07,20.38674639
5512804,1,2,1,80,52,1,4,,2,,,4,,2,,2,,,,,2,1,4,52,07,16.660201639
5512805,1,1,1,80,52,1,4,,2,,,4,,2,,2,,,,,2,1,4,52,07,16.660201639
5512805,1,2,1,80,52,1,4,,2,,,4,,2,,2,,,,,2,1,4,52,07,16.660201639
5512806,1,2,1,80,52,2,,,,2,,,.,2,,2,,,,,2,1,,52,07,11.033002039
5512806,1,3,1,80,52,2,,,,2,,,.,2,,2,,,,,2,1,,52,07,11.033002039
5512807,1,3,1,80,52,1,2,,2,,,2,,2,,2,,,,,2,1,1.4,52,07,11.044518121
5512808,1,4,1,80,52,1,2,,2,,,2,,2,,2,,,,,2,1,1.2,52,07,18.470822139
5512811,1,1,1,80,52,1,3,,2,,,4,,2,,2,,,,,2,1,4,52,07,15.367902516
5512811,1,2,1,80,52,1,8,,2,,,9,,2,,2,,1,48,908526,2,1,1.4,52,07,15.367902516
5512816,1,3,1,80,52,2,,,,2,,,.,2,,2,,,,,2,1,,52,07,18.470822139
5512817,1,3,1,80,52,1,2,,2,,,2,,2,,1,300000,,,,2,1,1.1,52,07,30.508121731
5512820,1,2,1,80,52,2,,,,2,,,.,2,,2,,,,,2,1,,52,07,14.909748
5512823,1,1,1,80,52,1,5,,2,,,8,,3,,2,,,,,3,1,4,52,07,11.033002039
5512824,1,2,1,80,52,1,3,,2,,,9,,1,1,2,,,,,1,1,4,52,07,17.619997474
5512824,1,3,1,80,52,2,,,,2,,,.,2,,2,,,,,2,1,,52,07,17.619997474
5512827,1,2,1,80,52,2,,,,2,,,.,2,,2,,,,,2,1,,52,07,44.132008155
5512828,1,2,1,80,52,1,5,,2,,,10,,3,,2,,,,,3,1,4,52,07,18.519626448
5512829,1,1,1,80,52,1,1,,2,,,9,,2,,2,,,,,2,1,3,52,07,26.890548151
5512831,1,2,1,80,52,2,,,,1,1,2,,2,,2,,,,,2,1,,52,07,16.458688347
5512833,1,2,1,80,52,1,7,,2,,,4,,2,,2,,,,,2,1,3,52,07,17.619997474
5512833,1,3,1,80,52,2,,,,2,,,.,2,,2,,,,,2,1,,52,07,17.619997474
5512834,1,2,1,80,52,1,3,,2,,,9,,2,,2,,,,,2,1,3,52,07,43.918397401
5512836,1,3,1,80,52,2,,,,2,,,.,2,,2,,,,,2,1,,52,07,37.534074905
5512838,1,2,1,80,52,1,7,,2,,,1,,2,,2,,,,,2,1,1.2,52,07,21.486531584
5512840,1,1,1,80,52,1,4,,2,,,4,,2,,2,,,,,2,1,4,52,07,34.82382543
5512843,1,1,1,80,52,1,5,,2,,,10,,3,,2,,,,,3,1,4,52,07,24.135309966
5512844,1,1,1,80,52,1,3,,2,,,4,,2,,2,,,,,2,1,4,52,07,14.909748
5514373,1,2,1,80,52,1,4,,2,,,4,,2,,2,,,,,2,1,1.3,52,07,22.647840711
5519926,1,2,1,80,52,1,4,,2,,,4,,2,,2,,,,,2,1,4,52,08,9.5962987589
5519930,1,2,1,80,52,2,,,,2,,,.,2,,2,,,,,2,1,,52,08,9.8145201297
5519931,1,1,1,80,52,1,5,,2,,,10,,3,,2,,,,,3,1,3,52,08,17.795098466
5519933,2,3,2,80,52,2,,,,1,1,2,,2,,2,,1,20,1000000,2,1,,52,08,9.5962987589
5519935,1,1,1,80,52,1,4,,2,,,4,,2,,2,,,,,2,1,4,52,08,38.385195035
5519937,1,3,1,80,52,2,,,,1,2,2,,2,,2,,,,,2,1,,52,08,15.297325724
5519937,1,4,1,80,52,2,,,,2,,,.,2,,2,,,,,2,1,,52,08,15.297325724
5519937,1,5,1,80,52,2,,,,2,,,.,2,,2,,,,,2,1,,52,08,15.297325724
5519938,1,4,1,80,52,2,,,,2,,,.,2,,2,,,,,2,1,,52,08,32.30461788
5519939,1,3,1,80,52,2,,,,1,2,2,,2,,2,,1,20,900000,2,1,,52,08,27.530687637
5519940,1,3,1,80,52,2,,,,2,,,.,2,,2,,,,,2,1,,52,08,22.313281073
5519942,1,4,1,80,52,2,,,,2,,,.,2,,2,,,,,2,1,,52,08,11.978919675
5519943,1,3,1,80,52,2,,,,2,,,.,2,,2,,,,,2,1,,52,08,18.390899081
5519943,1,4,1,80,52,2,,,,2,,,.,2,,2,,,,,2,1,,52,08,18.390899081
5519944,1,4,1,80,52,1,9,POR LA PANDEMIA,2,,,12,POR LA PANDEMIA,2,,2,,1,20,800000,2,1,2,52,08,35.691803356
5519945,1,3,1,80,52,2,,,,2,,,.,2,,2,,,,,2,1,,52,08,30.917873113
5519947,1,2,1,80,52,2,,,,2,,,.,2,,2,,,,,2,1,,52,08,22.469909597
5519948,1,5,1,80,52,2,,,,2,,,.,2,,2,,,,,2,1,,52,08,14.038996393
5523892,1,1,1,80,52,1,9,POR LA PANDEMIA,2,,,12,POR LA PANDEMIA,2,,2,,1,24,900000,2,1,2,52,08,9.5962987589
5523893,1,1,1,80,52,1,9,POR LA PANDEMIA,2,,,12,POR LA PANDEMIA,2,,2,,1,24,500000,2,1,2,52,08,31.512247402
5523893,1,3,1,80,52,2,,,,2,,,.,2,,2,,,,,2,1,,52,08,31.512247402
5523894,1,2,1,80,52,2,,,,2,,,.,2,,2,,,,,2,1,,52,08,14.588450373
5523895,1,3,1,80,52,2,,,,2,,,.,2,,2,,,,,2,1,,52,08,18.602050359
5523896,1,5,1,80,52,2,,,,2,,,.,2,,2,,,,,2,1,,52,08,9.5962987589
5524188,1,3,1,80,52,2,,,,2,,,.,2,,2,,1,20,900000,2,1,,52,08,23.151949235
5524188,1,4,1,80,52,2,,,,2,,,.,2,,2,,,,,2,1,,52,08,23.151949235
5524188,1,5,1,80,52,2,,,,2,,,.,2,,2,,,,,2,1,,52,08,23.151949235
5524190,1,1,1,80,52,1,4,,2,,,4,,2,,2,,,,,2,1,4,52,08,17.795098466
5524698,1,2,1,80,52,2,,,,2,,,.,2,,2,,,,,2,1,,52,08,9.5962987589
5524698,1,3,1,80,52,2,,,,2,,,.,2,,2,,,,,2,1,,52,08,9.5962987589
5524699,1,2,1,80,52,2,,,,2,,,.,2,,2,,,,,2,1,,52,08,9.5962987589
5524699,1,3,1,80,52,2,,,,2,,,.,2,,2,,,,,2,1,,52,08,9.5962987589
5524699,1,5,1,80,52,2,,,,2,,,.,2,,2,,,,,2,1,,52,08,9.5962987589
5524702,1,2,1,80,52,1,4,,2,,,4,,2,,2,,,,,2,1,4,52,08,9.5962987589
5528985,1,2,1,80,52,1,2,,2,,,2,,2,,2,,,,,2,1,1.4,52,08,9.8145201297
5528986,1,10,1,80,52,2,,,,2,,,.,2,,2,,,,,2,1,,52,08,9.5962987589
5528989,1,2,1,80,52,2,,,,2,,,.,2,,2,,,,,2,1,,52,08,26.547085295
5528991,1,2,1,80,52,1,4,,2,,,4,,2,,2,,,,,2,1,3,52,08,25.374994987
5528993,1,2,1,80,52,2,,,,2,,,.,2,,2,,,,,2,1,,52,08,35.493807168
5528993,1,3,1,80,52,2,,,,2,,,.,2,,2,,,,,2,1,,52,08,35.493807168
5528995,1,2,1,80,52,1,3,,2,,,9,,2,,2,,,,,2,1,1.3,52,08,22.469909597
5528997,1,2,1,80,52,1,1,,2,,,8,,2,,2,,,,,2,1,3,52,08,25.374994987
5528998,1,2,1,80,52,1,3,,2,,,9,,2,,2,,,,,2,1,3,52,08,12.876282993
5528998,1,3,1,80,52,2,,,,2,,,.,2,,2,,,,,2,1,,52,08,12.876282993
5529500,1,1,1,80,52,1,9,POR LA EDAD,2,,,8,,2,,2,,,,,2,1,4,52,08,38.385195035
5529501,1,1,1,80,52,1,5,,2,,,10,,3,,2,,,,,3,1,4,52,08,9.5962987589
5529501,1,3,1,80,52,2,,,,2,,,.,2,,2,,,,,2,1,,52,08,9.5962987589
5529503,1,2,1,80,52,2,,,,2,,,.,2,,2,,,,,2,1,,52,08,23.24236066
5529504,1,2,1,80,52,1,9,POR LA PANDEMIA,2,,,12,POR LA PANDEMIA,2,,2,,1,40,900000,2,1,2,52,08,9.5962987589
5529504,1,4,1,80,52,2,,,,2,,,.,2,,2,,,,,2,1,,52,08,9.5962987589
5529504,1,5,1,80,52,2,,,,2,,,.,2,,2,,,,,2,1,,52,08,9.5962987589
5529505,1,1,1,80,52,1,4,,2,,,4,,2,,2,,,,,2,1,4,52,08,25.374994987
5529505,1,2,1,80,52,1,4,,2,,,4,,2,,2,,,,,2,1,4,52,08,25.374994987
5530103,1,2,1,80,52,2,,,,2,,,.,2,,2,,,,,2,1,,52,08,17.777639661
5530104,1,2,1,80,52,1,3,,2,,,9,,2,,2,,,,,2,1,4,52,08,9.5962987589
5530104,1,3,1,80,52,2,,,,2,,,.,2,,2,,1,20,500000,2,1,,52,08,9.5962987589
5530104,1,6,1,80,52,2,,,,2,,,.,2,,2,,,,,2,1,,52,08,9.5962987589
5530105,1,1,1,80,52,1,2,,2,,,2,,2,,2,,1,20,908000,2,1,1.3,52,08,28.482249758
5530107,1,3,1,80,52,2,,,,2,,,.,2,,2,,,,,2,1,,52,08,9.5962987589
5530107,1,4,1,80,52,2,,,,2,,,.,2,,2,,,,,2,1,,52,08,9.5962987589
5530443,1,1,1,80,52,1,4,,2,,,4,,2,,2,,,,,2,1,4,52,08,25.374994987
5530443,1,2,1,80,52,1,4,,2,,,4,,2,,2,,,,,2,1,4,52,08,25.374994987
5530444,1,1,1,80,52,1,4,,2,,,4,,2,,2,,,,,2,1,2,52,08,14.409339315
5530444,1,4,1,80,52,2,,,,2,,,.,2,,2,,,,,2,1,,52,08,14.409339315
5530445,1,1,1,80,52,1,9,POR LA PANDEMIA,2,,,12,POR LA PANDEMIA,2,,1,50000,,,,2,1,2,52,08,10.427779549
5530447,1,2,1,80,52,1,7,,2,,,1,,2,,2,,1,40,908000,2,1,1.3,52,08,9.5962987589
5530447,1,3,1,80,52,2,,,,2,,,.,2,,2,,,,,2,1,,52,08,9.5962987589
5530449,1,2,1,80,52,1,9,POR LA PANDEMIA,2,,,12,POR LA PANDEMIA,2,,2,,,,,2,1,2,52,08,22.661141461
5531493,1,3,1,80,52,2,,,,2,,,.,2,,2,,,,,2,1,,52,08,9.5962987589
5531494,1,1,1,80,52,1,5,,2,,,10,,3,,2,,,,,3,1,4,52,08,9.5962987589
5531494,1,2,1,80,52,1,9,POR LA PANDEMIA,2,,,12,POR LA PANDEMIA,2,,2,,1,40,900000,2,1,2,52,08,9.5962987589
5531496,1,1,1,80,52,1,5,,2,,,10,,3,,2,,,,,3,1,4,52,08,25.374994987
5531496,1,2,1,80,52,2,,,,2,,,.,2,,2,,,,,2,1,,52,08,25.374994987
5531497,1,1,1,80,52,1,3,,1,,1,9,,2,,2,,,,,2,1,2,52,08,26.547085295
5531498,1,2,1,80,52,1,8,,2,,,1,,2,,2,,1,40,600000,2,1,2,52,08,24.500689992
5531499,1,1,1,80,52,1,5,,2,,,10,,3,,2,,,,,3,1,4,52,08,9.5962987589
5531499,1,2,1,80,52,1,4,,2,,,4,,2,,2,,,,,2,1,4,52,08,9.5962987589
5531499,1,3,1,80,52,1,2,,2,,,2,,2,,2,,1,20,500000,2,1,2,52,08,9.5962987589
5542345,1,2,1,80,52,2,,,,2,,,.,2,,2,,,,,2,1,,52,08,22.661141461
5542347,1,3,1,80,52,2,,,,2,,,.,2,,2,,,,,2,1,,52,08,9.5962987589
5542347,1,4,1,80,52,2,,,,2,,,.,2,,2,,,,,2,1,,52,08,9.5962987589
5542348,1,3,1,80,52,2,,,,2,,,.,2,,2,,1,20,1000000,2,1,,52,08,13.732504184
5542348,1,4,1,80,52,2,,,,2,,,.,2,,2,,,,,2,1,,52,08,13.732504184
5542349,1,2,1,80,52,1,3,,2,,,9,,2,,2,,,,,2,1,1.4,52,08,9.5962987589
5542350,1,1,1,80,52,1,3,,2,,,9,,2,,2,,2,,908000,2,1,2,52,08,22.84025252
5542353,1,2,1,80,52,2,,,,1,2,9,,2,,2,,1,24,908000,2,1,,52,08,9.5962987589
5542353,1,3,1,80,52,2,,,,2,,,.,2,,2,,,,,2,1,,52,08,9.5962987589
5542354,1,1,1,80,52,1,1,,2,,,8,,2,,2,,,,,2,1,3,52,08,16.446357709
5542354,1,2,1,80,52,1,4,,2,,,4,,2,,2,,,,,2,1,4,52,08,16.446357709
5542355,1,1,1,80,52,1,3,,2,,,9,,2,,2,,,,,2,1,4,52,08,13.317240953
5542355,1,2,1,80,52,2,,,,2,,,.,2,,2,,,,,2,1,,52,08,13.317240953
5542357,1,2,1,80,52,2,,,,2,,,.,2,,2,,,,,2,1,,52,08,9.5962987589
5542358,1,1,1,80,52,2,,,,2,,,.,2,,2,,,,,2,1,,52,08,26.936313347
5542359,1,2,1,80,52,1,3,,1,,1,12,POR LA PANDEMIA,2,,2,,1,24,908000,2,1,4,52,08,27.339455773
5542359,1,3,1,80,52,2,,,,2,,,.,2,,2,,,,,2,1,,52,08,27.339455773
5542360,1,1,1,80,52,2,,,,2,,,.,2,,2,,,,,2,1,,52,08,38.385195035
5542360,1,2,1,80,52,1,4,,2,,,4,,2,,2,,,,,2,1,1.4,52,08,38.385195035
5548420,1,1,1,80,52,1,4,,2,,,4,,2,,2,,,,,2,1,4,52,09,12.150673401
5548422,1,1,1,80,52,1,4,,2,,,4,,2,,2,,,,,2,1,4,52,09,29.233823948
5548422,1,2,1,80,52,1,4,,2,,,4,,2,,2,,,,,2,1,4,52,09,29.233823948
5548422,1,6,1,80,52,2,,,,2,,,.,2,,2,,,,,2,1,,52,09,29.233823948
5548423,1,1,1,80,52,1,4,,2,,,4,,2,,2,,,,,2,1,4,52,09,30.829274387
5548423,1,2,1,80,52,2,,,,2,,,.,2,,2,,,,,2,1,,52,09,30.829274387
5548425,1,3,1,80,52,2,,,,2,,,.,2,,2,,1,20,1000000,2,1,,52,09,44.817418575
5548426,1,1,1,80,52,1,4,,2,,,4,,2,,2,,,,,2,1,4,52,09,12.150673401
5548426,1,2,1,80,52,1,4,,2,,,4,,2,,2,,,,,2,1,4,52,09,12.150673401
5548426,1,6,1,80,52,2,,,,2,,,.,2,,2,,,,,2,1,,52,09,12.150673401
5548427,1,2,1,80,52,1,4,,2,,,4,,2,,2,,,,,2,1,4,52,09,44.116705981
5548428,1,2,1,80,52,2,,,,2,,,.,2,,2,,,,,2,1,,52,09,20.474333775
5548429,1,1,1,80,52,1,4,,2,,,4,,2,,2,,,,,2,1,4,52,09,18.164238169
5548431,1,3,1,80,52,2,,,,2,,,.,2,,2,,,,,2,1,,52,09,48.602693603
5548432,1,2,1,80,52,2,,,,2,,,.,2,,2,,,,,2,1,,52,09,12.150673401
5548433,1,2,1,80,52,1,3,,2,,,9,,2,,2,,,,,2,1,2,52,09,32.295965376
5548434,1,1,1,80,52,1,6,,1,,2,4,,2,,2,,2,,900000,2,1,4,52,09,35.014593872
5548434,1,2,1,80,52,1,4,,2,,,4,,2,,2,,,,,2,1,2,52,09,35.014593872
5548434,1,4,1,80,52,1,3,,2,,,9,,2,,2,,1,20,900000,2,1,2,52,09,35.014593872
5548435,1,1,1,80,52,1,9,POR LA PANDEMIA,2,,,12,POR LA PANDEMIA,2,,2,,1,40,908000,2,1,2,52,09,12.150673401
5549600,1,1,1,80,52,1,7,,2,,,4,,2,,2,,,,,2,1,1.4,52,09,12.150673401
5549600,1,5,1,80,52,2,,,,2,,,.,2,,2,,,,,2,1,,52,09,12.150673401
5550775,1,1,1,80,52,1,4,,2,,,4,,2,,2,,,,,2,1,3,52,09,12.150673401
5550775,1,2,1,80,52,2,,,,2,,,.,2,,2,,,,,2,1,,52,09,12.150673401
5550776,1,1,1,80,52,2,,,,2,,,.,2,,2,,,,,2,1,,52,09,48.602693603
5550778,1,1,1,80,52,1,5,,2,,,10,,3,,2,,,,,3,1,4,52,09,18.164238169
5550780,1,1,1,80,52,1,4,,2,,,4,,2,,2,,,,,2,1,3,52,09,22.068333486
5550781,1,1,1,80,52,1,8,,2,,,2,,2,,2,,1,24,800000,2,1,1.4,52,09,12.150673401
5550782,1,1,1,80,52,2,,,,2,,,.,2,,2,,,,,2,1,,52,09,30.128561792
5550783,1,2,1,80,52,2,,,,2,,,.,2,,2,,,,,2,1,,52,09,12.150673401
5550786,1,1,1,80,52,1,4,,2,,,4,,2,,2,,,,,2,1,4,52,09,12.150673401
5553804,1,1,1,80,52,2,,,,2,,,.,2,,2,,,,,2,1,,52,09,12.150673401
5553805,1,3,1,80,52,2,,,,2,,,.,2,,2,,,,,2,1,,52,09,23.743310704
5553805,1,4,1,80,52,2,,,,2,,,.,2,,2,,,,,2,1,,52,09,23.743310704
5553806,1,3,1,80,52,1,4,,2,,,4,,2,,2,,2,,800000,2,1,1.2,52,09,12.150673401
5553806,1,4,1,80,52,2,,,,2,,,.,2,,2,,,,,2,1,,52,09,12.150673401
5553807,1,1,1,80,52,1,4,,2,,,4,,2,,2,,,,,2,1,4,52,09,18.864950764
5553808,1,1,1,80,52,2,,,,2,,,.,2,,2,,,,,2,1,,52,09,27.901785416
5553809,1,2,1,80,52,2,,,,2,,,.,2,,2,,,,,2,1,,52,09,41.562374219
5553809,1,3,1,80,52,2,,,,2,,,.,2,,2,,,,,2,1,,52,09,41.562374219
5554398,1,2,1,80,52,1,6,,2,,,8,,2,,2,,,,,2,1,3,52,09,12.150673401
5554399,1,5,1,80,52,2,,,,2,,,.,2,,2,,,,,2,1,,52,09,12.150673401
5554404,1,1,1,80,52,1,2,,2,,,2,,2,,2,,1,20,600000,2,1,1.2,52,09,14.416638071
5554586,1,3,1,80,52,2,,,,2,,,.,2,,2,,,,,2,1,,52,09,23.110534038
5554587,1,2,1,80,52,2,,,,2,,,.,2,,2,,,,,2,1,,52,09,12.150673401
5554587,1,4,1,80,52,1,2,,2,,,2,,2,,2,,1,20,1000000,2,1,3,52,09,12.150673401
5554587,1,5,1,80,52,2,,,,2,,,.,2,,2,,,,,2,1,,52,09,12.150673401
5554588,1,1,1,80,52,1,5,,2,,,10,,3,,2,,,,,3,1,4,52,09,30.128561792
5554589,1,1,1,80,52,1,5,,2,,,10,,3,,2,,,,,3,1,4,52,09,18.864950764
5554589,1,2,1,80,52,2,,,,2,,,.,2,,2,,,,,2,1,,52,09,18.864950764
5554590,1,2,1,80,52,2,,,,2,,,.,2,,2,,,,,2,1,,52,09,36.608593584
5554590,1,3,1,80,52,2,,,,2,,,.,2,,2,,,,,2,1,,52,09,36.608593584
5554592,1,2,1,80,52,2,,,,2,,,.,2,,2,,,,,2,1,,52,09,12.150673401
5554593,1,1,1,80,52,1,8,,2,,,1,,2,,2,,1,40,700000,2,1,2,52,09,12.150673401
5559070,1,1,1,80,52,1,4,,2,,,4,,2,,2,,2,,700000,2,1,1.4,52,09,37.310756905
5559071,1,2,1,80,52,1,4,,2,,,4,,2,,2,,,,,2,1,4,52,09,12.150673401
5559071,1,4,1,80,52,2,,,,2,,,.,2,,2,,,,,2,1,,52,09,12.150673401
5559071,1,8,1,80,52,2,,,,2,,,.,2,,2,,,,,2,1,,52,09,12.150673401
5559071,1,9,1,80,52,2,,,,2,,,.,2,,2,,,,,2,1,,52,09,12.150673401
5559072,1,1,1,80,52,1,4,,2,,,4,,2,,2,,,,,2,1,4,52,09,12.150673401
5559072,1,2,1,80,52,1,6,,1,,3,1,,2,,2,,1,30,800000,2,1,4,52,09,12.150673401
5559072,1,5,1,80,52,2,,,,2,,,.,2,,2,,,,,2,1,,52,09,12.150673401
5559073,1,2,1,80,52,1,8,,2,,,1,,2,,2,,2,,1200000,2,1,2,52,09,12.150673401
5559073,1,4,1,80,52,2,,,,2,,,.,2,,2,,,,,2,1,,52,09,12.150673401
5559074,1,1,1,80,52,1,4,,2,,,4,,2,,2,,,,,2,1,4,52,09,18.164238169
5560112,1,2,1,80,52,2,,,,2,,,.,2,,2,,,,,2,1,,52,09,15.037393531
5560112,1,4,1,80,52,2,,,,2,,,.,2,,2,,2,,1000000,2,1,,52,09,15.037393531
5560113,1,2,1,80,52,2,,,,2,,,.,2,,2,,,,,2,1,,52,09,48.602693603
5560113,1,4,1,80,52,2,,,,2,,,.,2,,2,,,,,2,1,,52,09,48.602693603
5560113,1,5,1,80,52,2,,,,2,,,.,2,,2,,,,,2,1,,52,09,48.602693603
5560114,1,2,1,80,52,2,,,,2,,,.,2,,2,,,,,2,1,,52,09,12.150673401
5560115,1,1,1,80,52,1,3,,2,,,9,,2,,2,,1,20,500000,2,1,4,52,09,23.110534038
5560115,1,3,1,80,52,2,,,,2,,,.,2,,2,,,,,2,1,,52,09,23.110534038
5560116,1,2,1,80,52,2,,,,2,,,.,2,,2,,,,,2,1,,52,09,12.150673401
5560116,1,3,1,80,52,1,4,,2,,,4,,2,,2,,,,,2,1,4,52,09,12.150673401
5560283,1,2,1,80,52,1,3,,2,,,9,,2,,2,,2,,700000,2,1,1.4,52,09,12.150673401
5560284,1,1,1,80,52,1,7,,2,,,1,,2,,2,,,,,2,1,2,52,09,12.150673401
5560286,1,1,1,80,52,1,3,,2,,,1,,2,,2,,,,,2,1,3,52,09,42.523597265
5560287,1,1,1,80,52,1,4,,2,,,4,,2,,2,,2,,500000,2,1,3,52,09,12.150673401
5560288,1,2,1,80,52,2,,,,2,,,.,2,,2,,,,,2,1,,52,09,13.926553428
5565243,1,3,1,80,52,2,,,,2,,,.,2,,2,,,,,2,1,,52,09,12.882902149
5565244,1,2,1,80,52,2,,,,2,,,.,2,,2,,,,,2,1,,52,09,30.699623941
5565244,1,4,1,80,52,2,,,,2,,,.,2,,2,,,,,2,1,,52,09,30.699623941
5565246,1,2,1,80,52,1,3,,2,,,1,,2,,2,,,,,2,1,4,52,09,18.864950764
5565250,1,3,1,80,52,2,,,,2,,,.,2,,2,,,,,2,1,,52,09,19.839215387
5566210,1,1,1,80,52,1,8,,1,,1,1,,2,,2,,2,,900000,2,1,2,52,09,21.584470256
5566214,1,2,1,80,52,2,,,,2,,,.,2,,2,,,,,2,1,,52,09,32.928742041
5566214,1,3,1,80,52,2,,,,2,,,.,2,,2,,,,,2,1,,52,09,32.928742041
5566215,1,1,1,80,52,1,4,,2,,,4,,2,,2,,1,20,600000,2,1,4,52,09,18.164238169
5576887,1,3,1,80,52,2,,,,2,,,.,2,,2,,1,20,800000,2,1,,52,10,19.775897104
5576887,1,4,1,80,52,2,,,,2,,,.,2,,2,,,,,2,1,,52,10,19.775897104
5576888,1,3,1,80,52,2,,,,2,,,.,2,,2,,,,,2,1,,52,10,34.266363218
5576889,1,1,1,80,52,1,9,POR LA PANDEMIA,2,,,12,POR LA PANDEMIA,2,,2,,1,24,800000,2,1,2,52,10,12.620483683
5578564,1,2,1,80,52,1,4,,2,,,4,,2,,2,,,,,2,1,4,52,10,16.33114316
5578564,1,3,1,80,52,2,,,,2,,,.,2,,2,,2,,800000,2,1,,52,10,16.33114316
5578567,1,1,1,80,52,1,3,,2,,,9,,2,,2,,1,24,600000,2,1,4,52,10,30.69666432
5578567,1,5,1,80,52,2,,,,2,,,.,2,,2,,,,,2,1,,52,10,30.69666432
5579124,1,1,1,80,52,1,9,PORQUE SUS HIJOS LA MANTIENEN POR COMPLETO,2,,,12,NO QUIERE TRABAJAR MAS,2,,2,,,,,2,1,4,52,10,26.131604651
5579125,1,1,1,80,52,1,4,,2,,,4,,2,,2,,,,,2,1,4,52,10,29.250834965
5579127,1,1,1,80,52,1,4,,1,,4,4,,2,,2,,,,,2,1,4,52,10,20.987043266
5579129,1,3,1,80,52,1,2,,2,,,2,,2,,2,,,,,2,1,2,52,10,20.390583069
5579129,1,4,1,80,52,2,,,,2,,,.,2,,2,,1,24,800000,2,1,,52,10,20.390583069
5579130,1,1,1,80,52,1,3,,1,,1,9,,2,,2,,1,40,908000,2,1,2,52,10,27.480488754
5579131,1,1,1,80,52,2,,,,2,,,.,2,,2,,,,,2,1,,52,10,34.556511065
5584584,1,1,1,80,52,1,5,,2,,,10,,3,,2,,,,,3,1,3,52,10,13.979994228
5584584,1,2,1,80,52,2,,,,2,,,.,2,,2,,,,,2,1,,52,10,13.979994228
5585102,1,2,1,80,52,1,4,,2,,,4,,2,,2,,,,,2,1,4,52,10,12.620483683
5585102,1,4,1,80,52,1,4,,2,,,4,,2,,2,,,,,2,1,4,52,10,12.620483683
5585103,1,1,1,80,52,1,7,,2,,,8,,2,,2,,1,28,700000,2,1,2,52,10,17.099224543
5585103,1,2,1,80,52,1,3,,2,,,8,,2,,2,,,,,2,1,4,52,10,17.099224543
5585104,1,2,1,80,52,2,,,,2,,,.,2,,2,,,,,2,1,,52,10,39.453282791
5585406,1,2,1,80,52,1,4,,2,,,4,,2,,2,,,,,2,1,1.3,52,10,34.037784839
5585406,1,5,1,80,52,2,,,,2,,,.,2,,2,,2,,500000,2,1,,52,10,34.037784839
5585408,1,3,1,80,52,2,,,,2,,,.,2,,2,,,,,2,1,,52,10,25.033609952
5585411,1,1,1,80,52,2,,,,2,,,.,3,,2,,,,,3,1,,52,10,12.620483683
5585411,1,3,1,80,52,2,,,,2,,,.,2,,2,,,,,2,1,,52,10,12.620483683
5590859,1,3,1,80,52,2,,,,2,,,.,2,,2,,2,,600000,2,1,,52,10,12.620483683
5590859,1,7,1,80,52,2,,,,2,,,.,2,,2,,,,,2,1,,52,10,12.620483683
5590860,1,2,1,80,52,1,3,,2,,,9,,2,,2,,1,40,600000,2,1,3,52,10,30.925242699
5590863,1,2,1,80,52,2,,,,2,,,.,2,,2,,,,,2,1,,52,10,40.995557649
5590867,1,1,1,80,52,1,4,,2,,,4,,2,,2,,,,,2,1,4,52,10,18.026560914
5590868,1,2,1,80,52,1,4,,2,,,4,,2,,2,,,,,2,1,4,52,10,12.620483683
5590869,1,4,1,80,52,1,4,,2,,,4,,2,,2,,,,,2,1,4,52,10,20.555286214
5590870,1,3,1,80,52,2,,,,2,,,.,2,,2,,,,,2,1,,52,10,21.234832926
5591251,1,1,1,80,52,1,5,,2,,,10,,3,,2,,,,,3,1,2,52,10,13.979994228
5591251,1,2,1,80,52,2,,,,2,,,.,2,,2,,,,,2,1,,52,10,13.979994228
5591252,1,3,1,80,52,1,9,SE MUDO DE PAIS,2,,,1,,2,,2,,,,,2,1,1.4,52,10,14.810152106
5591256,1,3,1,80,52,2,,,,2,,,.,2,,2,,,,,2,1,,52,10,12.881999529
5591256,1,4,1,80,52,2,,,,2,,,.,2,,2,,,,,2,1,,52,10,12.881999529
5591258,1,3,1,80,52,2,,,,2,,,.,2,,2,,,,,2,1,,52,10,29.376279667
5595065,1,4,1,80,52,2,,,,2,,,.,2,,2,,,,,2,1,,52,10,19.285670329
5595066,1,2,1,80,52,1,4,,2,,,4,,2,,2,,,,,2,1,3,52,10,18.157960799
5595067,1,2,1,80,52,1,4,,2,,,4,,2,,2,,1,20,600000,2,1,3,52,10,20.987043266
5595068,1,2,1,80,52,2,,,,2,,,.,2,,2,,,,,2,1,,52,10,29.250834965
5596314,1,3,1,80,52,2,,,,2,,,.,2,,2,,,,,2,1,,52,10,22.530051115
5596315,1,4,1,80,52,2,,,,2,,,.,2,,2,,,,,2,1,,52,10,15.660007028
5596316,1,1,1,80,52,1,4,,2,,,4,,2,,2,,,,,2,1,4,52,10,19.248201576
5596316,1,4,1,80,52,2,,,,2,,,.,2,,2,,,,,2,1,,52,10,19.248201576
5596317,1,1,1,80,52,1,8,,2,,,9,,2,,2,,1,24,400000,2,1,2,52,10,28.421683863
5596319,1,2,1,80,52,1,6,,2,,,9,,1,,2,,,,,2,1,4,52,10,29.701803298
5596319,1,3,1,80,52,2,,,,2,,,.,2,,2,,,,,2,1,,52,10,29.701803298
5597236,1,2,1,80,52,1,4,,2,,,4,,2,,2,,,,,2,1,4,52,10,13.979994228
5597237,1,2,1,80,52,2,,,,2,,,.,2,,2,,2,,700000,2,1,,52,10,22.959002653
5597237,1,3,1,80,52,2,,,,2,,,.,2,,2,,,,,2,1,,52,10,22.959002653
5597238,1,3,1,80,52,2,,,,2,,,.,2,,2,,2,,600000,2,1,,52,10,21.511374558
5597239,1,3,1,80,52,2,,,,2,,,.,2,,2,,2,,700000,2,1,,52,10,29.701803298
5597240,1,3,1,80,52,2,,,,2,,,.,2,,2,,,,,2,1,,52,10,38.934556565
5597243,1,3,1,80,52,2,,,,2,,,.,2,,2,,,,,2,1,,52,10,26.872720831
5597245,1,4,1,80,52,2,,,,2,,,.,2,,2,,,,,2,1,,52,10,25.64928143
5597246,1,4,1,80,52,2,,,,2,,,.,2,,2,,,,,2,1,,52,10,28.152840266
5597248,1,2,1,80,52,2,,,,2,,,.,2,,2,,,,,2,1,,52,10,29.08613182
5597249,1,2,1,80,52,2,,,,2,,,.,2,,2,,,,,2,1,,52,10,30.599719068
5597250,1,1,1,80,52,1,4,,2,,,4,,2,,2,,,,,2,1,4,52,10,26.131604651
5597251,1,3,1,80,52,2,,,,2,,,.,2,,2,,,,,2,1,,52,10,38.609032934
5597252,1,2,1,80,52,1,3,,2,,,9,,2,,2,,,,,2,1,2,52,10,39.453282791
5597253,1,2,1,80,52,2,,,,2,,,.,2,,2,,,,,2,1,,52,10,20.870742136
6004972,1,1,1,80,52,1,4,,2,,,4,,2,,2,,,,,2,1,4,52,11,10.374401341
6004973,1,1,1,80,52,1,4,,2,,,4,,2,,2,,,,,2,1,4,52,11,10.374401341
6004975,1,4,1,80,52,1,3,,2,,,9,,2,,2,,,,,2,1,4,52,11,10.374401341
6004978,1,1,1,80,52,1,4,,2,,,4,,2,,2,,,,,2,1,4,52,11,10.374401341
6004978,1,2,1,80,52,1,4,,2,,,4,,2,,2,,,,,2,1,4,52,11,10.374401341
6004979,1,1,1,80,52,2,,,,2,,,.,2,,2,,,,,2,1,,52,11,10.374401341
6004983,1,2,1,80,52,2,,,,2,,,.,2,,2,,,,,2,1,,52,11,10.374401341
6004984,1,2,1,80,52,2,,,,2,,,.,2,,2,,,,,2,1,,52,11,10.374401341
6004984,1,3,1,80,52,2,,,,2,,,.,2,,2,,,,,2,1,,52,11,10.374401341
6004984,1,4,1,80,52,2,,,,2,,,.,2,,2,,,,,2,1,,52,11,10.374401341
6004985,1,1,1,80,52,1,6,,2,,,8,,2,,2,,,,,2,1,4,52,11,10.374401341
6004985,1,3,1,80,52,2,,,,2,,,.,2,,2,,,,,2,1,,52,11,10.374401341
6004985,1,5,1,80,52,2,,,,2,,,.,2,,2,,,,,2,1,,52,11,10.374401341
6004989,1,1,1,80,52,2,,,,2,,,.,2,,2,,,,,2,1,,52,11,10.374401341
6004990,1,1,1,80,52,1,3,,2,,,9,,2,,2,,,,,2,1,4,52,11,23.031901527
6004991,1,1,1,80,52,1,4,,2,,,4,,2,,2,,,,,2,1,4,52,11,10.374401341
6004991,1,3,1,80,52,1,4,,2,,,4,,2,,2,,,,,2,1,4,52,11,10.374401341
6004991,1,5,1,80,52,2,,,,2,,,.,2,,2,,,,,2,1,,52,11,10.374401341
6004992,1,2,1,80,52,1,3,,2,,,9,,2,,2,,,,,2,1,4,52,11,27.983254185
6004995,1,3,1,80,52,2,,,,2,,,.,2,,2,,,,,2,1,,52,11,47.722246169
6017499,1,1,1,80,52,1,4,,2,,,4,,2,,2,,,,,2,1,4,52,11,10.374401341
6017501,1,1,1,80,52,1,4,,2,,,4,,2,,2,,,,,2,1,4,52,11,36.500026375
6017503,1,3,1,80,52,1,2,,2,,,2,,2,,1,30000,,,,2,1,1.2,52,11,10.374401341
6017505,1,3,1,80,52,2,,,,2,,,.,2,,2,,,,,2,1,,52,11,23.936275402
6017507,1,2,1,80,52,2,,,,2,,,.,2,,2,,,,,2,1,,52,11,10.374401341
6017513,1,1,1,80,52,1,5,,2,,,10,,3,,2,,,,,3,1,4,52,11,27.830749797
6017514,1,3,1,80,52,2,,,,2,,,.,2,,2,,,,,2,1,,52,11,10.374401341
6017516,1,2,1,80,52,1,6,,1,,2,9,,2,,2,,2,,900000,2,1,3,52,11,10.374401341
6017516,1,6,1,80,52,1,5,,2,,,10,,3,,2,,,,,3,1,2,52,11,10.374401341
6017519,1,2,1,80,52,2,,,,2,,,.,2,,2,,,,,2,1,,52,11,45.992516335
6017520,1,2,1,80,52,1,4,,2,,,4,,2,,2,,,,,2,1,1.4,52,11,10.374401341
6017525,1,2,1,80,52,1,4,,2,,,4,,2,,2,,,,,2,1,4,52,11,10.374401341
6017526,1,3,1,80,52,2,,,,2,,,.,2,,2,,,,,2,1,,52,11,10.374401341
6017526,1,4,1,80,52,2,,,,2,,,.,2,,2,,,,,2,1,,52,11,10.374401341
6017527,1,2,1,80,52,1,3,,2,,,9,,2,,2,,,,,2,1,3,52,11,34.657621234
6017532,1,2,1,80,52,1,2,,2,,,2,,2,,2,,1,20,908000,2,1,2,52,11,27.516445594
6017533,1,1,1,80,52,2,,,,2,,,.,2,,2,,,,,2,1,,52,11,10.374401341
6017533,1,2,1,80,52,1,5,,2,,,10,,3,,2,,,,,3,1,3,52,11,10.374401341
6017536,1,3,1,80,52,2,,,,2,,,.,2,,2,,,,,2,1,,52,11,11.175057923
6017537,1,1,1,80,52,1,5,,1,,3,10,,3,,2,,,,,3,1,3,52,11,23.193701341
6017539,1,5,1,80,52,2,,,,1,3,2,,2,,2,,1,20,700000,2,1,,52,11,10.374401341
6017540,1,3,1,80,52,2,,,,2,,,.,2,,2,,,,,2,1,,52,11,10.374401341
6017540,1,4,1,80,52,2,,,,2,,,.,2,,2,,,,,2,1,,52,11,10.374401341
6017543,1,1,1,80,52,1,5,,2,,,10,,3,,2,,,,,3,1,3,52,11,27.983254185
6017545,1,2,1,80,52,1,2,,2,,,2,,2,,2,,1,20,900000,2,1,2,52,11,27.983254185
6017546,1,1,1,80,52,1,5,,2,,,10,,3,,2,,,,,3,1,4,52,11,10.374401341
6017547,1,1,1,80,52,1,6,,2,,,1,,2,,2,,,,,2,1,4,52,11,28.573323858
6017549,1,2,1,80,52,2,,,,2,,,.,2,,2,,,,,2,1,,52,11,36.780960133
6017549,1,4,1,80,52,1,8,,1,,1,1,,2,,2,,1,20,500000,2,1,2,52,11,36.780960133
6017550,1,3,1,80,52,2,,,,2,,,.,2,,2,,,,,2,1,,52,11,10.374401341
6017550,1,6,1,80,52,2,,,,2,,,.,2,,2,,,,,2,1,,52,11,10.374401341
6017550,1,7,1,80,52,1,4,,2,,,4,,2,,2,,,,,2,1,4,52,11,10.374401341
6017554,1,2,1,80,52,1,3,,2,,,9,,2,,2,,,,,2,1,3,52,11,39.294669689
6017555,1,2,1,80,52,1,3,,2,,,9,,2,,2,,2,,400000,2,1,2,52,11,47.722246169
6017559,1,2,1,80,52,2,,,,2,,,.,2,,2,,,,,2,1,,52,11,10.374401341
6017561,1,1,1,80,52,1,4,,2,,,4,,2,,2,,,,,2,1,4,52,11,14.134649528
6017562,1,4,1,80,52,2,,,,2,,,.,2,,2,,,,,2,1,,52,11,10.374401341
6024497,1,2,1,80,52,2,,,,2,,,.,2,,2,,,,,2,1,,52,11,20.915963426
6024499,1,3,1,80,52,2,,,,2,,,.,2,,2,,,,,2,1,,52,11,47.722246169
6024500,1,2,1,80,52,2,,,,2,,,.,2,,2,,,,,2,1,,52,11,10.374401341
6024500,1,9,1,80,52,2,,,,2,,,.,2,,2,,,,,2,1,,52,11,10.374401341
6024501,1,3,1,80,52,2,,,,2,,,.,2,,2,,1,20,400000,2,1,,52,11,33.362876702
6024501,1,4,1,80,52,2,,,,2,,,.,2,,2,,,,,2,1,,52,11,33.362876702
6024503,1,2,1,80,52,2,,,,2,,,.,2,,2,,,,,2,1,,52,11,27.983254185
6024504,1,3,1,80,52,2,,,,2,,,.,2,,2,,1,16,400000,2,1,,52,11,10.374401341
6024504,1,4,1,80,52,2,,,,2,,,.,2,,2,,,,,2,1,,52,11,10.374401341
6024505,1,1,1,80,52,1,8,,2,,,4,,2,,2,,,,,2,1,3,52,11,47.722246169
6024505,1,5,1,80,52,2,,,,2,,,.,2,,2,,,,,2,1,,52,11,47.722246169
6024505,1,6,1,80,52,2,,,,2,,,.,2,,2,,,,,2,1,,52,11,47.722246169
6024506,1,2,1,80,52,2,,,,2,,,.,2,,2,,,,,2,1,,52,11,10.374401341
6024508,1,1,1,80,52,2,,,,1,2,4,,2,,2,,,,,2,1,,52,11,10.374401341
6024508,1,3,1,80,52,2,,,,2,,,.,2,,2,,,,,2,1,,52,11,10.374401341
6024508,1,4,1,80,52,2,,,,2,,,.,2,,2,,,,,2,1,,52,11,10.374401341
6024508,1,5,1,80,52,2,,,,2,,,.,2,,2,,,,,2,1,,52,11,10.374401341
6024509,1,1,1,80,52,1,3,,2,,,9,,2,,2,,,,,2,1,2,52,11,44.162555096
6024510,1,2,1,80,52,2,,,,2,,,.,2,,2,,,,,2,1,,52,11,39.011841304
6024510,1,4,1,80,52,2,,,,2,,,.,2,,2,,1,20,500000,2,1,,52,11,39.011841304
6024511,1,2,1,80,52,2,,,,2,,,.,2,,2,,,,,2,1,,52,11,10.374401341
6024512,1,3,1,80,52,2,,,,2,,,.,2,,2,,,,,2,1,,52,11,10.374401341
6024513,1,1,1,80,52,1,4,,2,,,4,,2,,2,,,,,2,1,4,52,11,10.374401341
6024513,1,2,1,80,52,2,,,,2,,,.,2,,2,,,,,2,1,,52,11,10.374401341
6024513,1,3,1,80,52,1,4,,2,,,4,,2,,2,,,,,2,1,4,52,11,10.374401341
6044459,1,2,1,80,52,1,4,,2,,,4,,2,,2,,,,,2,1,1.4,52,12,57.014473684
6044459,1,3,1,80,52,2,,,,2,,,,2,,2,,,,,2,1,,52,12,57.014473684
6044460,1,2,1,80,52,2,,,,2,,,,2,,2,,,,,2,1,,52,12,13.574874687
6044460,1,3,1,80,52,2,,,,2,,,,2,,2,,,,,2,1,,52,12,13.574874687
6044460,1,4,1,80,52,1,4,,2,,,4,,2,,2,,2,,700000,2,1,3,52,12,13.574874687
6044461,1,3,1,80,52,2,,,,2,,,,2,,2,,,,,2,1,,52,12,13.574874687
6044463,1,1,1,80,52,1,4,,2,,,4,,2,,2,,,,,2,1,4,52,12,13.574874687
6044464,1,1,1,80,52,1,7,,2,,,8,,2,,2,,,,,2,1,3,52,12,57.014473684
6044465,1,1,1,80,52,2,,,,1,2,1,,1,2,2,,,,,1,1,,52,12,13.574874687
6044467,1,3,1,80,52,2,,,,2,,,,2,,2,,,,,2,1,,52,12,57.014473684
6044470,1,3,1,80,52,2,,,,2,,,,2,,2,,,,,2,1,,52,12,13.574874687
6044471,1,4,1,80,52,2,,,,2,,,,2,,2,,1,20,1000000,2,1,,52,12,13.574874687
6044473,1,1,1,80,52,1,5,,2,,,10,,3,,2,,,,,3,1,3,52,12,46.896177945
6044475,1,2,1,80,52,2,,,,2,,,,2,,2,,,,,2,1,,52,12,13.574874687
6044480,1,2,1,80,52,1,4,,2,,,4,,2,,2,,,,,2,1,4,52,12,27.96406206
6044483,1,1,1,80,52,1,4,,2,,,4,,2,,2,,,,,2,1,3,52,12,13.574874687
6044483,1,7,1,80,52,2,,,,2,,,,2,,2,,,,,2,1,,52,12,13.574874687
6044484,1,2,1,80,52,1,4,,2,,,4,,2,,2,,,,,2,1,4,52,12,57.014473684
6044485,1,1,1,80,52,1,4,,2,,,4,,2,,2,,1,24,908000,2,1,2,52,12,13.574874687
6044485,1,3,1,80,52,2,,,,2,,,,2,,2,,,,,2,1,,52,12,13.574874687
6044485,1,4,1,80,52,2,,,,2,,,,2,,2,,,,,2,1,,52,12,13.574874687
6044486,1,3,1,80,52,2,,,,2,,,,2,,2,,,,,2,1,,52,12,13.574874687
6044487,1,5,1,80,52,2,,,,2,,,,2,,2,,,,,2,1,,52,12,13.574874687
6044488,1,2,1,80,52,2,,,,2,,,,2,,2,,,,,2,1,,52,12,13.574874687
6044488,1,5,1,80,52,2,,,,2,,,,2,,2,,,,,2,1,,52,12,13.574874687
6044490,1,2,1,80,52,1,4,,2,,,4,,2,,2,,,,,2,1,2,52,12,40.357043147
6044492,1,3,1,80,52,2,,,,2,,,,2,,2,,,,,2,1,,52,12,26.18947325
6044494,1,1,1,80,52,1,4,,2,,,4,,2,,2,,,,,2,1,4,52,12,27.688051108
6044494,1,2,1,80,52,1,4,,2,,,8,,2,,2,,,,,2,1,4,52,12,27.688051108
6044494,1,3,1,80,52,2,,,,2,,,,2,,2,,,,,2,1,,52,12,27.688051108
6045047,1,3,1,80,52,2,,,,2,,,,2,,2,,,,,2,1,,52,12,54.607231618
6045048,1,8,1,80,52,2,,,,2,,,,2,,2,,,,,2,1,,52,12,13.574874687
6045051,1,1,1,80,52,1,9,TIENE UN EMBARAZO DELICADO,2,,,12,POR EL EMBARAZO DELICADO QUE TIENE,2,,2,,,,,2,1,1.3,52,12,13.574874687
6045053,1,1,1,80,52,1,4,,2,,,4,,2,,2,,,,,2,1,1.4,52,12,57.014473684
6045053,1,3,1,80,52,2,,,,2,,,,2,,2,,,,,2,1,,52,12,57.014473684
6045830,1,1,1,80,52,1,4,,2,,,4,,2,,2,,,,,2,1,4,52,12,13.574874687
6045830,1,2,1,80,52,1,4,,2,,,4,,2,,2,,,,,2,1,4,52,12,13.574874687
6045831,1,1,1,80,52,1,8,,1,,3,1,,2,,2,,,,,2,1,3,52,12,13.574874687
6045831,1,2,1,80,52,1,4,,2,,,4,,2,,2,,,,,2,1,4,52,12,13.574874687
6045832,1,2,1,80,52,2,,,,2,,,,2,,2,,,,,2,1,,52,12,13.574874687
6045833,1,1,1,80,52,2,,,,2,,,,2,,2,,,,,2,1,,52,12,57.014473684
6045834,1,2,1,80,52,1,5,,2,,,10,,3,,2,,,,,3,1,2,52,12,13.574874687
6045837,1,5,1,80,52,2,,,,2,,,,2,,2,,2,,1000000,2,1,,52,12,13.574874687
6051030,1,2,1,80,52,2,,,,2,,,,2,,2,,,,,2,1,,52,12,13.574874687
6051034,1,1,1,80,52,1,3,,2,,,9,,2,,2,,,,,2,1,4,52,12,27.688051108
6051035,1,2,1,80,52,2,,,,2,,,,2,,2,,,,,2,1,,52,12,13.574874687
6051035,1,5,1,80,52,2,,,,2,,,,2,,2,,,,,2,1,,52,12,13.574874687
6052341,1,1,1,80,52,1,5,,2,,,10,,3,,2,,,,,3,1,4,52,12,46.896177945
6052342,1,2,1,80,52,2,,,,2,,,,2,,2,,,,,2,1,,52,12,13.574874687
6052343,1,4,1,80,52,1,7,,2,,,1,,2,,2,,,,,2,1,2,52,12,13.574874687
6052344,1,2,1,80,52,2,,,,2,,,,2,,2,,,,,2,1,,52,12,13.574874687
6052345,1,2,1,80,52,1,3,,2,,,9,,2,,2,,1,40,600000,2,1,4,52,12,26.18947325
6052349,1,1,1,80,52,2,,,,2,,,,2,,2,,,,,2,1,,52,12,13.574874687
6052349,1,2,1,80,52,2,,,,2,,,,2,,2,,,,,2,1,,52,12,13.574874687
6057872,1,2,1,80,52,2,,,,2,,,,2,,2,,,,,2,1,,52,12,16.255346144
6057874,1,1,1,80,52,1,4,,2,,,4,,3,,2,,,,,3,1,3,52,12,13.574874687
6057874,1,2,1,80,52,1,3,,2,,,9,,2,,2,,1,20,600000,2,1,3,52,12,13.574874687
6057875,1,2,1,80,52,2,,,,2,,,,2,,2,,,,,2,1,,52,12,13.574874687
6057877,1,2,1,80,52,2,,,,2,,,,2,,2,,,,,2,1,,52,12,13.574874687
6059471,1,3,1,80,52,2,,,,2,,,,2,,2,,,,,2,1,,52,12,41.629422517
6059472,1,3,1,80,52,2,,,,2,,,,2,,2,,,,,2,1,,52,12,13.574874687
6059473,1,1,1,80,52,1,4,,2,,,4,,2,,2,,,,,2,1,2,52,12,13.574874687
6059473,1,2,1,80,52,1,3,,2,,,9,,2,,2,,,,,2,1,4,52,12,13.574874687
6059475,1,4,1,80,52,2,,,,2,,,,2,,2,,,,,2,1,,52,12,13.574874687
6059477,1,1,1,80,52,1,5,,2,,,10,,3,,2,,,,,3,1,4,52,12,13.574874687
6059477,1,2,1,80,52,1,5,,2,,,10,,3,,2,,,,,3,1,4,52,12,13.574874687
